cats,category_count
Restaurant,38523
Fast food restaurant,15560
Mexican restaurant,13969
Auto repair shop,13163
Beauty salon,10758
Coffee shop,10487
Tourist attraction,10208
Grocery store,10070
Breakfast restaurant,9815
Cafe,9780
Park,9636
American restaurant,9509
Gas station,9314
Takeout Restaurant,9026
Clothing store,8794
Sandwich shop,8767
Bar,8184
Caterer,8036
Pizza restaurant,7898
Hair salon,7859
Nail salon,7520
Hamburger restaurant,7281
Convenience store,7107
Barber shop,5738
Service establishment,5681
Tire shop,5611
Shoe store,5404
Women's clothing store,5381
Bakery,5379
Cell phone store,5168
ATM,4968
Chinese restaurant,4962
Church,4872
Dentist,4702
Shopping mall,4687
Auto parts store,4618
Hotel,4471
Liquor store,4372
Electronics store,4337
Brake shop,4318
Italian restaurant,4299
Non-profit organization,4298
Gift shop,4288
Oil change service,4288
Asian restaurant,4250
Ice cream shop,3960
Seafood restaurant,3954
Furniture store,3944
Massage therapist,3943
Men's clothing store,3920
Car repair and maintenance,3866
Gym,3639
Corporate office,3637
Auto body shop,3486
Family restaurant,3472
Fashion accessories store,3472
Doctor,3457
Japanese restaurant,3353
Insurance agency,3316
Dessert shop,3297
Event venue,3290
Espresso bar,3279
Pizza delivery,3229
Used car dealer,3211
Car wash,3197
Chicken restaurant,3196
Tobacco shop,3166
Home goods store,3153
Beauty supply store,3151
Supermarket,3129
Sushi restaurant,3070
Business center,3037
Cosmetics store,3012
Bank,2993
Self-storage facility,2976
Smog inspection station,2955
Coffee store,2929
Deli,2903
Store,2884
Bar & grill,2857
Pizza Takeout,2793
Jewelry store,2779
Toy store,2705
Apartment building,2682
Discount store,2657
Apartment complex,2643
Delivery Restaurant,2632
Vegetarian restaurant,2599
Pet groomer,2547
Auto insurance agency,2544
Shipping and mailing service,2543
Laundromat,2516
Department store,2514
Car dealer,2499
Real estate agency,2423
Hardware store,2315
Car battery store,2315
Taco restaurant,2306
Internet cafe,2291
Veterinarian,2272
Cosmetic dentist,2259
Waxing hair removal service,2231
Lunch restaurant,2206
Latin American restaurant,2203
Chicken wings restaurant,2175
Medical clinic,2175
Donut shop,2170
Juice shop,2147
Telephone company,2132
Pharmacy,2096
Children's clothing store,2075
Drug store,2038
Cocktail bar,2017
Hiking area,2016
Thai restaurant,1989
Mechanic,1988
Attorney,1966
Transmission shop,1951
Winery,1944
Wine bar,1908
Wheel alignment service,1906
Campground,1871
Home insurance agency,1868
Sporting goods store,1866
Florist,1840
Vietnamese restaurant,1827
Wine store,1819
Electronic parts supplier,1809
Diner,1796
Mobile home park,1795
Auto tune up service,1786
Moving supply store,1781
Mediterranean restaurant,1781
Produce market,1759
Animal hospital,1749
Chiropractor,1740
Telecommunications service provider,1740
Print shop,1739
Packaging supply store,1721
Plumber,1717
Dental clinic,1709
Fitness center,1701
Pet supply store,1687
Renter's insurance agency,1670
Brunch restaurant,1661
Bus stop,1660
Sports bar,1655
Party store,1652
Spa,1648
Barbecue restaurant,1646
Storage facility,1645
Tea house,1641
Logistics service,1632
Physical fitness program,1630
Home improvement store,1617
Life insurance agency,1614
Optometrist,1611
Dry cleaner,1580
Personal trainer,1575
Property management company,1574
Vegan restaurant,1568
Art gallery,1564
Parking lot,1562
Wedding venue,1556
Thrift store,1526
Craft store,1519
Moving and storage service,1516
Facial spa,1513
Paint store,1512
Towing service,1502
Money order service,1490
Kitchen supply store,1477
Truck accessories store,1471
Health food restaurant,1463
Salad shop,1453
Indian restaurant,1451
Appliance store,1451
Health food store,1436
Sportswear store,1419
Manufacturer,1415
Historical landmark,1405
School,1400
Car rental agency,1395
Van rental agency,1394
Transportation service,1394
Massage spa,1369
Steak house,1367
Truck rental agency,1366
School supply store,1349
Tax preparation service,1343
Religious organization,1342
Sunglasses store,1323
Notary public,1321
Frozen yogurt shop,1317
Lounge,1316
Burrito restaurant,1307
Car detailing service,1306
Social services organization,1304
Orthodontist,1303
Warehouse,1298
Mattress store,1295
Computer repair service,1295
Motel,1290
Dollar store,1289
Office supply store,1280
Garden center,1279
Trucking company,1275
Motorcycle insurance agency,1265
Dental implants periodontist,1257
RV storage facility,1254
Trailer supply store,1244
Day spa,1237
Asian fusion restaurant,1213
Cannabis store,1209
Construction company,1208
Bubble tea store,1198
Auto electrical service,1193
Museum,1188
Car stereo store,1186
Home builder,1184
Variety store,1183
Perfume store,1174
Software company,1174
Tex-Mex restaurant,1169
Greeting card shop,1165
Jeweler,1161
Boat storage facility,1160
Tool store,1158
Law firm,1155
Community center,1155
Truck repair shop,1154
Real estate agents,1152
Apartment rental agency,1151
Brewery,1145
Auto glass shop,1143
Delivery service,1140
New American restaurant,1139
Vaporizer store,1139
Book store,1136
Catholic church,1135
Tattoo shop,1133
Boutique,1129
Association or organization,1126
General contractor,1096
Hairdresser,1090
Cake shop,1089
Beer store,1085
Pediatric dentist,1083
Car accessories store,1079
Window tinting service,1067
HVAC contractor,1066
Post office,1063
Eye care center,1060
Air conditioning repair service,1058
Air conditioning contractor,1057
Mortgage lender,1054
Korean restaurant,1052
Diesel fuel supplier,1046
Banquet hall,1044
Bicycle Shop,1043
Contractor,1035
Legal services,1035
Skin care clinic,1029
Automobile storage facility,1024
Recycling center,1020
Grocery delivery service,1019
Shipping service,1017
Flooring store,1015
Freight forwarding service,1013
Vitamin & supplements store,1011
Locksmith,996
Candy store,995
Dessert restaurant,993
Loan agency,986
Emergency dental service,985
Recreation center,983
Live music venue,975
Wheel store,968
Baptist church,964
Bedroom furniture store,962
Outlet store,960
Wholesaler,958
Lighting store,958
Pet store,953
Yoga studio,951
Motorcycle parts store,947
Teeth whitening service,946
Sign shop,943
Lingerie store,943
Money transfer service,937
Tool rental service,935
Farm,934
Mailing service,930
Mailbox rental service,927
Used truck dealer,919
Chauffeur service,916
Computer store,915
Plant nursery,911
Trailer rental service,907
Financial consultant,904
Outdoor furniture store,882
Distribution service,879
Christian church,878
Performing arts theater,869
Auto dent removal service,865
Financial planner,862
Lake,860
Family practice physician,859
Medical Center,857
Elementary school,854
Carpet cleaning service,852
Natural goods store,848
Electric vehicle charging station,841
Electrician,841
Auto body parts supplier,839
Heating contractor,838
Business to business service,838
Propane supplier,830
Swimwear store,828
Optician,826
Shredding service,826
Hair removal service,823
Fuel pump,821
Personal injury attorney,812
Hawaiian restaurant,808
Pest control service,806
Urgent care center,801
Cigar shop,798
Butcher shop,797
Kitchen remodeler,795
Gas company,795
Night club,782
Professional services,780
Wellness center,779
Antique store,778
Mover,775
Photographer,773
Collectibles store,772
Jewelry repair service,771
Tax consultant,764
River,750
Auto radiator repair service,747
Pet boarding service,747
Passport photo processor,747
Oral surgeon,744
Gift basket store,743
Discount supermarket,742
Cell phone accessory store,741
T-shirt store,739
Watch store,737
Movie theater,736
Sports massage therapist,731
Insurance company,728
Pub,724
Video game store,719
Internet service provider,719
Public library,716
Muffler shop,715
Condominium complex,712
Bicycle repair shop,712
Tailor,711
Lodge,710
Mobile phone repair shop,710
Picture frame shop,708
Bathroom remodeler,705
Truck dealer,703
Indoor lodging,701
Gluten-free restaurant,700
Bedding store,694
Outdoor sports store,693
Californian restaurant,690
Fine dining restaurant,690
Financial institution,689
Southeast Asian restaurant,681
Credit union,680
Baby store,679
Graphic designer,678
Stationery store,678
Window treatment store,677
Clothing alteration service,676
Market,673
Parking garage,672
Baby clothing store,670
Window installation service,670
Chocolate shop,669
Rug store,663
Landscaping supply store,662
Martial arts school,657
RV park,657
Key duplication service,657
Golf course,656
Bathroom supply store,655
Catering food and drink supplier,654
Event planner,651
Weight loss service,651
Electronics repair shop,650
Building materials store,649
Equipment rental agency,646
General store,644
Motorcycle repair shop,643
Building materials supplier,642
Appliance repair service,641
Computer consultant,640
Auto restoration service,639
Commercial printer,638
Physical therapy clinic,632
Tax preparation,628
Farmers' market,626
Ramen restaurant,624
Party equipment rental service,621
Hot dog restaurant,620
Landscaper,618
Bagel shop,617
Music store,612
Physical therapist,609
Roofing contractor,604
Mountain peak,604
Repair service,601
Watch repair service,601
Employment agency,600
Medical spa,599
Interior designer,595
Middle Eastern restaurant,591
Snack bar,587
Jewelry designer,586
Tanning salon,585
Diagnostic center,579
Make-up artist,575
Painter,573
Auto wrecker,573
Painting,572
Bistro,572
Contact lenses supplier,570
Real estate consultant,566
Medical laboratory,565
Gastropub,565
Resort hotel,564
Buffet restaurant,563
Plumbing supply store,562
Used tire shop,561
Auto air conditioning service,559
Salvadoran restaurant,558
Jeans shop,557
Dog day care center,557
Engine rebuilding service,553
Beach,547
Ranch,543
Bottled water supplier,543
Travel agency,539
Soup restaurant,538
Fabric store,536
Laundry service,536
French restaurant,533
Laundry,533
Playground,532
Dental hygienist,528
Costume store,523
Hobby store,517
Acupuncture clinic,516
DVD store,515
Car finance and loan company,514
Marketing agency,513
Glass & mirror shop,511
Pediatrician,511
Dog trainer,511
Alternative medicine practitioner,510
Door supplier,510
Cabinet store,510
Department of motor vehicles,508
Greek restaurant,505
Internist,505
Endodontist,501
Computer support and services,501
Car leasing service,498
Leather goods store,496
Wedding service,493
Shipping company,491
High school,491
Flooring contractor,490
Movie rental store,489
Website designer,489
Fraternal organization,488
Video production service,486
Insurance broker,485
Mexican grocery store,479
Glass repair service,479
Preschool,478
Tile store,477
Sports complex,475
Coworking space,475
Donations center,472
Bridal shop,471
Church of Jesus Christ of Latter-day Saints,468
Senior citizen center,467
Tree service,467
Business management consultant,465
Copy shop,465
Diesel engine repair service,464
Nature preserve,463
Photo lab,462
Office furniture store,462
Consultant,461
Fruit and vegetable store,461
Organic restaurant,460
Boot store,460
RV repair shop,459
Car inspection station,456
Halal restaurant,453
Lodging,452
Family law attorney,451
Candle store,450
Filipino restaurant,450
Video arcade,449
Lawn mower store,447
Gourmet grocery store,447
Movie rental kiosk,446
Conference center,446
Vintage clothing store,445
Vineyard,444
Window supplier,444
Food products supplier,444
Camp,443
Public bathroom,442
Reflexologist,439
Photo shop,439
County government office,438
Organic food store,437
Cajun restaurant,437
Marketing consultant,435
Landscape designer,435
Banner store,434
Warehouse store,432
Vacation home rental agency,431
Dog park,431
Game store,429
Bicycle rental service,428
Computer service,428
Lumber store,428
Carpet store,426
Brewpub,426
Electrical supply store,426
Fax service,425
Recording studio,423
Asian grocery store,421
Office space rental agency,420
Emergency veterinarian service,419
Shoe repair shop,419
Pastry shop,418
Kennel,418
Consignment shop,418
Swimming pool repair service,418
Check cashing service,418
Criminal justice attorney,418
Handyman,416
Upholstery cleaning service,415
Accountant,415
Holistic medicine practitioner,413
Swimming pool supply store,413
Musical instrument store,413
Art supply store,411
Retirement community,411
Water damage restoration service,410
Dermatologist,409
Phone repair service,409
Concrete contractor,407
Wholesale grocer,406
Self service car wash,405
Gun shop,403
Promotional products supplier,403
Screen printer,402
Surf shop,402
Traditional American restaurant,401
Nutritionist,401
Party planner,400
Amusement center,400
City government office,399
Pet sitter,398
Internet marketing service,398
Camping store,398
Hospital,397
Data recovery service,396
Dress store,396
Real estate developer,396
Garden,396
Animal feed store,392
Estate planning attorney,391
Furnace repair service,390
Real estate,389
Food court,389
Extended stay hotel,389
Commercial real estate agency,387
Portrait studio,386
Upholstery shop,385
Drug testing service,384
Orthopedic surgeon,383
Dance school,383
Auditorium,382
Rehabilitation center,380
Screen repair service,378
Ravine,378
Periodontist,376
Golf club,375
Wedding store,373
Industrial equipment supplier,372
Scenic spot,370
House cleaning service,369
Denture care center,369
Security system installer,369
Poster store,368
Thai massage therapist,367
Jehovah's Witness Kingdom Hall,367
Cheese shop,365
Pasta shop,364
Korean barbecue restaurant,364
Health and beauty shop,363
Fire station,363
Custom t-shirt store,363
Body piercing shop,361
Day care center,361
Waste management service,359
Uniform store,359
Assisted living facility,358
Emergency locksmith service,356
Records storage facility,355
Linens store,355
Advertising agency,354
Marina,354
Medical supply store,354
Place of worship,352
Pain management physician,352
Motorcycle dealer,352
Inn,351
Seafood market,351
Produce wholesaler,351
Trial attorney,351
Housing development,349
Swimming pool,349
Tour operator,346
Jewelry buyer,345
Ophthalmologist,345
Tropical fish store,343
Tile contractor,343
Fashion designer,342
Novelty store,342
Security guard service,341
Mental health service,341
Club,340
Surgeon,339
Digital printer,338
Skateboard shop,337
University,337
Investment service,336
Medical group,335
Medical diagnostic imaging center,335
Truck stop,335
Children's furniture store,334
Used clothing store,334
Motorcycle shop,334
Veterans organization,334
Running store,334
Pet trainer,332
Children's party service,332
Yarn store,330
Wedding photographer,330
Flower delivery,329
Air duct cleaning service,328
Pet adoption service,327
Construction equipment supplier,327
Sports medicine clinic,326
Employment attorney,326
Skate shop,325
Security system supplier,325
Divorce lawyer,324
Architect,324
Real estate rental agency,324
Obstetrician-gynecologist,324
Passport office,323
Fingerprinting service,323
Art center,322
College,321
Nursing home,319
Flower designer,319
Engineering consultant,318
Luggage store,317
Permanent make-up clinic,317
Temp agency,317
Herb shop,317
Bus station,314
Business park,314
Grill store,313
Immigration attorney,311
Skateboard park,311
Non-denominational church,310
Auto machine shop,309
E-commerce service,309
Barber supply store,308
Artist,308
Hookah bar,307
Small engine repair service,306
Auto broker,306
Hearing aid store,303
Pawn shop,301
Garbage collection service,301
Cemetery,300
Car alarm supplier,300
Tuxedo shop,299
Laboratory,299
Presbyterian church,299
Swimming pool contractor,299
Picnic ground,298
Middle school,297
State park,297
Hat shop,295
Boat repair shop,295
Fence contractor,295
Record store,294
Public swimming pool,294
Agricultural service,293
Bed & breakfast,292
Lutheran church,292
Taxi service,292
Government office,291
Trailer repair shop,291
Noodle shop,291
Recruiter,290
Wedding planner,289
Training centre,289
Used auto parts store,288
Embroidery shop,288
Pool hall,288
Fishing store,288
Commercial cleaning service,287
Tennis court,286
Auto upholsterer,285
Diamond dealer,283
Library,282
Plus size clothing store,281
Meeting planning service,280
Wellness program,280
City park,279
Grill,279
Golf driving range,279
Comic book store,279
Security service,276
Safety equipment supplier,276
Fence supply store,276
Home theater store,276
Remodeler,276
Welder,276
Cabinet maker,275
Used book store,275
Baseball field,275
Mortgage broker,275
Lawn equipment rental service,275
Health consultant,274
Wedding bakery,274
Beer garden,273
Taiwanese restaurant,273
Funeral home,273
Paint manufacturer,272
Housing complex,272
Home health care service,272
Airport shuttle service,272
Garage door supplier,271
Seventh-day Adventist church,271
Ready mix concrete supplier,271
Addiction treatment center,270
Learning center,270
Pipe supplier,270
Cookie shop,269
Radio broadcaster,269
RV dealer,268
Washer & dryer repair service,268
Embroidery service,266
European restaurant,265
Children's amusement center,265
Public educational institution,265
Wood floor installation service,264
Animal shelter,264
Refrigerator repair service,261
Podiatrist,260
Visitor center,260
Cable company,260
Janitorial service,260
Cleaning service,260
Tea store,259
Window cleaning service,258
Hair extension technician,256
Hydroponics equipment supplier,256
Boat rental service,255
Wig shop,254
Persian restaurant,254
Heating equipment supplier,253
Paintings store,253
Soft drinks shop,253
Glass shop,252
Bridge,252
Pilates studio,251
Walk-in clinic,249
Cleaners,249
Spanish restaurant,249
Charity,249
Alternative fuel station,248
Wallpaper store,248
Bowling alley,248
Stadium,247
Dim sum restaurant,247
Peruvian restaurant,245
Welding supply store,245
Soccer field,244
Country club,244
Countertop store,244
South Asian restaurant,243
Sewing shop,243
Solar energy company,243
After school program,242
Tour agency,242
Rice restaurant,241
Indian grocery store,241
Roofing supply store,241
Plastic surgeon,241
Dental implants provider,241
Arts organization,240
Musical instrument repair shop,239
Photography studio,239
Shower door shop,238
Limousine service,238
Coffee roasters,238
Animal rescue service,238
Women's health clinic,236
Music school,236
Reptile store,234
Honda dealer,233
Gold dealer,233
Irrigation equipment supplier,233
Computer security service,233
Karaoke bar,233
General practitioner,232
Motor vehicle dealer,232
Cold storage facility,231
Horse boarding stable,229
Private educational institution,229
Bookkeeping service,229
Cafeteria,229
Bail bonds service,229
Dental laboratory,228
Police department,228
Toyota dealer,227
Farm equipment supplier,227
Pottery store,227
Bankruptcy attorney,227
Self defense school,225
Spa and health club,224
Public golf course,224
Office equipment supplier,223
Solar energy equipment supplier,223
Pho restaurant,222
Work clothes store,222
Mental health clinic,220
Health insurance agency,220
Snowboard shop,219
Ford dealer,219
Metal fabricator,219
Tourist information center,218
Aromatherapy service,217
Audiologist,217
Episcopal church,216
Video store,216
Fire damage restoration service,215
Mosque,215
Education center,214
Fish store,214
Photography service,214
Meat products,214
Youth organization,214
Box lunch supplier,214
Scrapbooking store,213
Sightseeing tour agency,213
Real estate attorney,213
Dental radiology,213
Employment center,213
Emergency room,213
Drainage service,213
Restaurant supply store,212
Cutlery store,212
Canal,212
Airport,212
Fried chicken takeaway,212
Blood testing service,211
Bird shop,210
Truck parts supplier,210
Art studio,209
Coin dealer,209
Home inspector,208
Topsoil supplier,208
Lawn mower repair service,207
Buddhist temple,206
Food bank,206
Jewelry appraiser,205
Gymnastics center,205
Tutoring service,205
Racing car parts store,204
State government office,204
Beauty product supplier,204
Engineer,203
Summer camp,203
Escape room center,202
Ear piercing service,202
Chimney sweep,201
Corporate campus,201
Bead store,201
United Methodist church,201
Airline,200
Dairy farm,200
Paving contractor,200
Aerospace company,199
Laser hair removal service,199
Chevrolet dealer,199
Sod supplier,199
Paper distributor,197
Vehicle inspection,197
Wine club,197
Used furniture store,197
Plaza,196
Medical office,196
Hot dog stand,195
Trailer dealer,195
Concert hall,194
Lawn care service,193
Radiologist,193
X-ray lab,193
Machine shop,193
Public beach,193
Glassware store,193
Souvenir store,192
Light rail station,191
Meat wholesaler,191
Exporter,191
Tattoo and piercing shop,191
Cheesesteak restaurant,190
Southern restaurant (US),190
Live music bar,189
Hearing aid repair service,189
Custom home builder,189
Second hand store,189
Boxing gym,189
Beer hall,188
Soul food restaurant,188
Church of Christ,188
Health spa,188
Kitchen furniture store,187
Music instructor,187
Carpet installer,187
Historical place,187
Insulation contractor,187
Pain control clinic,186
Lottery retailer,186
Fish & chips restaurant,186
Cremation service,186
Hot tub store,185
Mobile caterer,185
Fertilizer supplier,185
Solar energy contractor,184
Pool cleaning service,184
Auto spring shop,184
Furniture rental service,183
Adult education school,183
Fireplace store,182
Invitation printing service,182
Kindergarten,182
RV supply store,182
Media company,182
Event management company,182
Exercise equipment store,181
Kosher restaurant,180
Golf shop,180
Television repair service,180
Western apparel store,180
Methodist church,179
Eyebrow bar,179
Park & ride,179
Baking supply store,178
Religious goods store,178
Septic system service,178
Retaining wall supplier,177
Surgical center,176
Antique furniture store,176
Garden furniture shop,176
Mexican goods store,176
Title company,175
Sofa store,175
Tennis club,175
Salvage yard,174
Dance company,174
Wholesale bakery,174
Sports medicine physician,174
Hot pot restaurant,174
Eyelash salon,174
Metaphysical supply store,174
Art museum,174
Homeowners' association,173
Kiosk,173
Water softening equipment supplier,172
Jewelry engraver,172
Cardiologist,172
Swim club,172
Meditation center,172
Pressure washing service,172
Beverage distributor,171
Rest stop,171
Vacuum cleaner store,171
Driving school,170
Brazilian restaurant,169
CrÃªperie,169
Irish pub,169
Occupational health service,169
Rustic furniture store,168
Pakistani restaurant,168
Memorial park,168
Counselor,167
Pentecostal church,167
Casino,167
School district office,167
Golf instructor,167
Food manufacturer,166
Ski shop,166
Engraver,166
Gutter cleaning service,166
Motorsports store,165
Stable,165
Apartments,165
Psychologist,164
Digital printing service,164
Educational institution,164
Water purification company,163
Environmental consultant,163
Audio visual equipment rental service,162
Entertainer,162
Garage builder,162
Boat ramp,162
Acupuncturist,162
History museum,161
Audio visual equipment supplier,161
Trophy shop,161
Student housing center,161
Amusement park ride,161
Wholesale plant nursery,161
Business development service,160
Bed shop,159
Dry wall supply store,159
Federal credit union,159
Boat dealer,159
Marine supply store,158
Furnished apartment building,158
Wedding chapel,158
Indoor playground,158
Pretzel store,157
Art school,157
Volunteer organization,157
Townhouse complex,157
Auction house,157
Sand & gravel supplier,157
Lebanese restaurant,156
Garbage dump,156
Garbage dump service,156
Bottle & can redemption center,156
Guitar store,155
Veterinary care,155
Entertainment agency,155
Community college,155
Takeout restaurant,155
Alcoholism treatment program,154
Courier service,154
Sports club,154
Foot massage parlor,154
Wood and laminate flooring supplier,153
Marble supplier,153
Psychiatrist,153
General practice attorney,153
Junkyard,153
Dog walker,152
Corporate entertainment service,152
Granite supplier,151
Psychotherapist,151
Goldsmith,151
Virtual office rental,151
Bus charter,150
Hookah store,150
Dry wall contractor,149
City Hall,149
Water sports equipment rental service,148
Used office furniture store,148
Performing arts group,148
Masonry supply store,148
Karate school,147
Comedy club,147
Lasik surgeon,147
Molding supplier,147
Newspaper publisher,147
Paternity testing service,147
Small appliance repair service,147
Musical instrument rental service,146
Auto painting,146
Cultural center,146
Shooting range,146
BMW dealer,146
MRI center,146
Bait shop,145
Chinese takeaway,145
Retirement home,145
Psychic,145
DJ service,145
Civil law attorney,144
Debris removal service,144
Canoe & kayak rental service,143
Festival,143
Construction,143
Refrigerator store,143
Fresh food market,143
Excavating contractor,142
Transit station,142
Furniture accessories,142
Radiator repair service,142
Certified public accountant,142
Stone supplier,141
Calvary Chapel church,141
Cantonese restaurant,141
General hospital,141
Material handling equipment supplier,140
Hair extensions supplier,140
Masonry contractor,140
Flea market,140
Fusion restaurant,140
Adult entertainment store,139
Foundation,139
Child care agency,139
Boot camp,139
Appliance parts supplier,139
Custom label printer,138
Train station,138
Christmas tree farm,138
Bus company,138
Horseback riding service,137
Natural feature,137
Homeless shelter,136
Batting cage center,136
Boat tour agency,136
Dog breeder,136
Movie studio,136
Sewing machine repair service,136
Television station,136
Auto auction,135
Nissan dealer,135
GPS supplier,135
Pie shop,135
Sculpture,135
Formal wear store,134
Film production company,134
Air conditioning system supplier,134
Trade school,134
Landscape lighting designer,134
Light bulb supplier,134
Mammography service,134
Tapas restaurant,133
Karaoke,133
Amusement park,133
Gastroenterologist,133
Floor refinishing service,132
Federal government office,131
Silversmith,131
Pumpkin patch,131
Athletic field,131
Assemblies of God church,131
Delivery Chinese restaurant,131
Audio visual consultant,131
Cuban restaurant,130
Water utility company,130
Emergency care service,130
Battery store,129
Construction machine rental service,129
Design agency,128
Weightlifting area,128
Animal control service,128
Screen printing shop,128
Seasonal goods store,127
Chinese noodle restaurant,127
Family counselor,127
Off roading area,127
Stylist,127
Labor union,126
Building restoration service,126
Community health centre,126
Tool repair shop,126
Home audio store,125
Sheriff's department,124
Millwork shop,124
Horse trainer,124
Vacuum cleaner repair shop,124
Outdoor clothing and equipment shop,124
Tractor dealer,124
Ski rental service,123
Equestrian facility,123
Basketball court,123
Evangelical church,123
Powder coating service,123
Fishing charter,122
Kickboxing school,122
Balloon store,122
Mercedes-Benz dealer,122
Authentic Japanese restaurant,122
Web hosting company,121
Underwear store,121
Retreat center,120
Deck builder,120
Entertainment,120
Gift wrap store,120
Radiator shop,120
Video editing service,120
Herbal medicine store,120
Dance hall,120
Wildlife refuge,119
Otolaryngologist,119
Forklift rental service,119
Diamond buyer,119
Occupational therapist,119
Sports equipment rental service,119
Used motorcycle dealer,119
Hot tub repair service,119
Reiki therapist,119
Art,118
Piano moving service,118
Spice store,118
University department,118
Beauty school,117
Demolition contractor,117
Hair care,117
Dodge dealer,117
Importer,117
Electric utility company,117
Yacht club,117
Photo restoration service,117
Convention center,116
Flower market,116
Sheet metal contractor,116
Veterinary pharmacy,116
Janitorial equipment supplier,116
Adult entertainment club,116
Auto tag agency,116
Lawn irrigation equipment supplier,116
Seed supplier,115
Orthopedic clinic,115
Indoor cycling,115
Paralegal services provider,115
Jeep dealer,114
Private investigator,114
Used computer store,114
Executive suite rental agency,114
Divorce service,114
Charter school,114
Camera store,114
Safe & vault shop,114
Neurologist,114
Theme park,114
Leather cleaning service,113
Tapas bar,113
Sauna,112
Childrens store,112
Adult day care center,112
Eclectic restaurant,112
Woodworker,112
Landscape architect,111
Catering,111
Civil engineer,111
Swimming instructor,111
Rock shop,111
STD testing service,111
Insulation materials store,111
Used appliance store,110
Quilt shop,110
Knit shop,110
Packaging company,110
Payroll service,110
Vista point,109
Speech pathologist,109
Christian book store,109
Publisher,109
Drinking water fountain,107
Industrial gas supplier,107
Leather repair service,107
Condominium rental agency,107
Elder law attorney,107
Baseball,107
Human resource consulting,107
Water filter supplier,107
Escrow service,107
Jujitsu school,107
Furniture maker,105
Recreational vehicle rental agency,105
ATV repair shop,105
Marriage or relationship counselor,105
Flight school,105
Immigration & naturalization service,105
Wi-Fi spot,104
Community garden,104
Biotechnology company,104
Church of the Nazarene,104
Welding gas supplier,104
Mountain pass,104
Do-it-yourself shop,104
Tattoo removal service,103
Social security office,103
Peninsula,103
Registration office,103
Waterfall,103
Oyster bar restaurant,103
Pregnancy care center,103
Izakaya restaurant,103
Apostolic church,102
Social club,102
Wine storage facility,102
Motor scooter dealer,102
Tack shop,102
Animal protection organization,102
Sleep clinic,102
Wicker store,102
Painting studio,101
Blinds shop,101
Childrens book store,101
Chrysler dealer,101
Homeless service,100
Trading card store,100
Tent rental service,100
Teppanyaki restaurant,100
Student dormitory,100
Auto market,100
Dance store,100
Mongolian barbecue restaurant,100
Organic shop,100
Educational consultant,99
Cabin rental agency,99
Burglar alarm store,99
ATV dealer,99
Water testing service,99
Synagogue,99
Microwave oven repair service,99
Well drilling contractor,99
Small plates restaurant,98
Car racing track,98
Pet friendly accommodation,98
Bay,98
Soccer store,98
Horse riding school,98
Dance club,98
Hair replacement service,98
Armenian restaurant,98
Cruise agency,98
Entertainment and recreation,97
Hunting and fishing store,97
Fire protection service,97
Cupcake shop,97
Doll store,97
Canoe & kayak store,97
Sichuan restaurant,96
Spring,96
Botanical garden,96
Mortuary,96
Soccer club,96
Musician,96
Lawn sprinkler system contractor,96
Frozen dessert supplier,96
Used bicycle shop,95
Electrical installation service,95
Firewood supplier,95
Farm equipment repair service,95
Caribbean restaurant,95
Bag shop,95
Hindu temple,95
Disc golf course,95
Dumpling restaurant,95
Cars,94
Orthotics & prosthetics service,94
Sushi takeaway,94
Soup shop,94
Sports memorabilia store,94
Mobile home dealer,94
Snowboard rental service,94
Crane rental agency,93
BBQ area,93
Gay bar,93
Creole restaurant,93
Culture,93
Equipment supplier,92
Afghani restaurant,92
Plastic fabrication company,92
Foreign consulate,92
Medical equipment supplier,92
Meeting room,91
Scaffolding rental service,91
Ice skating rink,91
Religious institution,91
Railroad company,91
Metal supplier,90
Forklift dealer,90
Rock climbing gym,90
Plastic surgery clinic,90
Commercial agent,90
Hospice,90
Steel fabricator,89
Allergist,89
Food producer,89
Mediation service,89
Turkish restaurant,89
Rock climbing,89
Commercial photographer,89
Local medical services,89
Siding contractor,88
Ammunition supplier,88
Car manufacturer,88
Seafood wholesaler,88
Fairground,88
Pan-Asian restaurant,87
Volkswagen dealer,87
Washer & dryer store,87
Falafel restaurant,86
Ophthalmology clinic,86
Christmas store,86
Wood floor refinishing service,86
Printer repair service,85
Vending machine supplier,85
Orchard,85
Youth clothing store,85
Car security system installer,85
Life coach,85
Crane service,85
Subaru dealer,85
Chamber of Commerce,85
Wine cellar,85
Employment search service,84
Research institute,84
Social security attorney,84
Crab house,84
Massage,84
Theater company,84
Food and drink,84
Endocrinologist,83
Down home cooking restaurant,83
Nepalese restaurant,83
Stage,83
Historical society,83
Language school,83
Beach clothing store,83
Softball field,83
Dive shop,82
Stage lighting equipment supplier,82
Concrete product supplier,82
Gated community,82
Wholesale florist,82
Private golf course,82
Property maintenance,82
Currency exchange service,82
Housing authority,82
Cleaning products supplier,82
Audi dealer,81
Steel distributor,81
Hyundai dealer,81
Costume jewelry shop,81
Cancer treatment center,81
Air conditioning store,80
Electronics manufacturer,80
Construction material wholesaler,80
Used musical instrument store,80
Funeral director,80
Computer software store,80
Chicken shop,79
Ethiopian restaurant,79
Local government office,79
Furniture wholesaler,79
Brewing supply store,79
Foursquare church,79
Guitar instructor,79
Accounting firm,79
Golf cart dealer,79
Bus tour agency,79
Island,79
Technical school,78
GMC dealer,78
Baseball goods store,78
Vegetarian cafe and deli,78
Distillery,78
Furniture repair shop,78
Air filter supplier,78
Hostel,78
Mexican torta restaurant,78
Computer networking center,78
Piano instructor,78
Blueprint service,78
Aircraft supply store,77
Oncologist,77
Fishing pier,77
Home automation company,77
Meat processor,77
Auto bodywork mechanic,77
Sports activity location,77
Urologist,77
Muay Thai boxing gym,76
Movie rental,76
Process server,76
Custom tailor,76
Korean grocery store,76
Military base,76
Outdoor swimming pool,75
Auto parts market,75
Telecommunications equipment supplier,75
Zoo,75
Handbags shop,75
Exhibit,75
Youth social services organization,75
Auto parts manufacturer,75
Aerobics instructor,74
Shabu-shabu restaurant,74
Sports card store,74
Department of Transportation,74
Guest house,74
Kebab shop,74
Orthodox church,74
Indian takeaway,74
Fastener supplier,74
Insurance attorney,74
South American restaurant,73
Electronics company,73
Valet parking service,73
Trail head,73
German restaurant,73
Talent agency,73
Italian grocery store,73
Prison,73
Catholic school,73
Wheelchair store,72
Land surveyor,72
Swimming school,72
Recreation,72
Surf school,72
Harley-Davidson dealer,71
Technical service,71
Argentinian restaurant,71
Awning supplier,71
Lighting contractor,71
Dinner theater,71
Clock repair service,71
Oral and maxillofacial surgeon,71
Mandarin restaurant,71
Vocational school,71
Bicycle rack,71
Indoor swimming pool,71
Laser tag center,71
Food service,71
Mechanical contractor,71
Whale watching tour agency,70
Door shop,70
Blood donation center,70
Free parking lot,70
Outerwear store,70
Paintball center,70
Boat cover supplier,70
Electrical repair shop,69
Electrical wholesaler,69
Sandblasting service,69
Maternity store,69
Training school,69
Ski resort,69
Audio visual equipment repair service,69
Commercial refrigeration,69
Telecommunications contractor,69
Appraiser,68
Emergency care physician,68
Northern Italian restaurant,68
Art handcraft,68
Foot care,68
Outdoor activity organiser,68
Amphitheater,68
Laotian restaurant,67
Scooter repair shop,67
National forest,67
Culinary school,67
Tractor repair shop,67
Courthouse,67
Army & navy surplus shop,67
Warehouse club,67
Jamaican restaurant,67
Dressmaker,67
Business networking company,67
Burmese restaurant,67
Kia dealer,66
Decal supplier,66
Business related,66
Water park,66
Baseball club,65
Family service center,65
Screen store,65
Sharpening service,65
Structural engineer,65
Boat club,65
Australian restaurant,65
Arborist and tree surgeon,65
Mazda dealer,65
Market researcher,65
Aquarium shop,64
Computer training school,64
Elevated,64
Modern European restaurant,64
Coffee stand,64
Japanese steakhouse,64
Gurudwara,64
Food,64
Sports nutrition store,64
Parking lot for bicycles,64
Education,64
Lexus dealer,64
Athletic club,63
Event ticket seller,63
Water mill,63
University library,63
Animals,63
Bird control service,62
Labor relations attorney,62
Stained glass studio,62
Lighting consultant,62
Buick dealer,62
Fuel supplier,62
Sports school,62
Taekwondo school,61
Tennis store,61
Miniature golf course,61
Computer accessories store,61
Japanese grocery store,61
Tuning automobile,61
Translator,61
Health,61
Coffee wholesaler,60
Electric motor store,60
Public relations firm,60
Woodworking supply store,60
Lighting wholesaler,60
Haunted house,60
Historical place museum,60
Subway station,60
Meditation instructor,60
Statuary,60
Tax attorney,59
Electric motor repair shop,59
Farm shop,59
Laser cutting service,59
Hydraulic repair service,59
Butcher shop deli,59
Naturopathic practitioner,59
Patio enclosure supplier,59
Gyro restaurant,59
Camera repair shop,59
Dialysis center,59
Orthopedic shoe store,59
Beer distributor,59
Aquarium,59
Public health department,59
Cambodian restaurant,58
Construction machine dealer,58
Stores and shopping,58
Piano store,58
Credit counseling service,58
Wood stove shop,58
Horse breeder,58
Monument maker,58
Mountain cabin,58
Go-kart track,58
Cadillac dealer,58
Military recruiting office,58
Children's hospital,57
Oxygen equipment supplier,57
Firearms academy,57
Furnace parts supplier,57
Company,57
Electrical equipment supplier,57
Guatemalan restaurant,57
Cooking class,57
Satellite communication service,57
Landmark,57
Low income housing program,57
Logistics,57
Arena,56
County court,56
Emergency training,56
Turf supplier,56
Hay supplier,56
Corporate gift supplier,56
Electrical engineer,56
Wholesale jeweler,56
Local history museum,56
Yacht broker,56
News service,56
Boxing club,56
Ethnic restaurant,55
T-shirt company,55
Mens tailor,55
Greenhouse,55
Ram dealer,55
Mobility equipment supplier,55
Modern Indian restaurant,55
Hydraulic equipment supplier,55
Acura dealer,55
Water ski shop,55
Glass blower,55
Diesel engine dealer,55
National park,55
Paving materials supplier,55
Patisserie,55
Archery range,55
Youth center,55
Antique furniture restoration service,55
Southwestern restaurant (US),55
Department of Social Services,55
Surplus store,55
Southern Italian restaurant,54
Video duplication service,54
Aircraft rental service,54
Hot water system supplier,54
Stereo repair service,54
Telephone answering service,54
Art restoration service,54
Bike sharing station,54
Sanitation service,54
Roller skating rink,54
Roller coaster,54
Porsche dealer,54
Sewing machine store,53
Gas cylinders supplier,53
Motorcycle rental agency,53
Trucking school,53
Bingo hall,53
Ridge,53
HIV testing center,53
Shed builder,53
Theater production,52
Furniture manufacturer,52
City courthouse,52
Adventure sports,52
Medical school,52
Yoga instructor,52
Private university,52
Glass cutting service,52
Aquatic centre,52
Fruit parlor,52
Religious school,52
Monument,52
Futon store,51
Hypnotherapy service,51
Womens personal trainer,51
Tax department,51
Jazz club,51
Off-road race track,51
Science museum,50
Tamale shop,50
Metal finisher,50
Attorney referral service,50
Disability services & support organisation,50
Oil & natural gas company,50
Toner cartridge supplier,50
Martial arts supply store,50
Shipping and mailing,50
Dental insurance agency,50
Gardener,50
Japanese curry restaurant,50
Pharmaceutical company,49
Marble contractor,49
Aged care,49
Handicapped transportation service,49
Utility contractor,49
Swimming facility,49
School bus service,49
Chinaware store,49
Body arts,49
Pond supply store,49
Barber school,49
Police supply store,49
Video conferencing service,49
Neon sign shop,49
Organic farm,49
Fertility clinic,49
Tool wholesaler,49
Utility trailer dealer,49
Foster care service,48
Educational supply store,48
Bankruptcy service,48
Massage supply store,48
Ambulance service,48
Swimming,48
Racecourse,48
Raft trip outfitter,48
Group accommodation,48
Gun club,48
Artificial plant supplier,48
Fire protection equipment supplier,48
Family planning center,48
Architecture firm,47
Auto sunroof shop,47
Clothing wholesaler,47
Soup kitchen,47
Physical examination center,47
Billiards supply store,47
Cultural landmark,47
Investment bank,47
Canoe & kayak tour agency,47
Children's museum,46
Luggage repair service,46
Information services,46
Nut store,46
Furnace store,46
Fabric wholesaler,46
Cider bar,46
Public parking space,46
Commercial refrigerator supplier,46
Pumping equipment and service,46
Conveyor belt sushi restaurant,46
Natural stone supplier,46
SCUBA instructor,46
Shanghainese restaurant,46
Asphalt contractor,46
Alternator supplier,46
Shelving store,46
Clothing supplier,46
Design,46
Lamination service,45
Drama school,45
Stucco contractor,45
Shoe shining service,45
Raw food restaurant,45
Property investment,45
Pancake restaurant,45
Occupational medical physician,45
Udon noodle restaurant,44
Band,44
Mulch supplier,44
Appliances customer service,44
Auto accessories wholesaler,44
Employment consultant,44
Herbalist,44
Boot repair shop,44
Psychiatric hospital,44
English language school,44
Hose supplier,44
Pulmonologist,44
Linoleum store,44
Environmental health service,44
Leasing service,44
Archery store,44
Ice supplier,44
Dried flower shop,44
Harbor,43
Emergency training school,43
Copier repair service,43
Research and product development,43
Reformed church,43
Generator shop,43
Angler fish restaurant,43
Food processing company,43
Airsoft supply store,43
Business school,43
Volleyball court,43
Nursing school,43
British restaurant,43
Wine wholesaler and importer,43
Air compressor repair service,43
Asbestos testing service,42
Aluminum welder,42
Estate liquidator,42
Yamaha motorcycle dealer,42
Weigh station,42
Art dealer,42
Services,42
Driveshaft shop,42
Truck topper supplier,42
Newsstand,42
Forestry service,42
Architectural designer,42
Wood supplier,42
Home help,42
Music producer,42
Observation deck,42
United Church of Christ,42
Business banking service,42
Popcorn store,42
Swimming lake,42
Kung fu school,42
Religious destination,42
Ballet school,42
Volvo dealer,42
Korean church,42
Reform synagogue,41
Water works equipment supplier,41
Winemaking supply store,41
Central American restaurant,41
Mobile home rental agency,41
Home cinema installation,41
Football Field,41
Public university,41
Waterproofing company,41
Locks supplier,41
Lincoln dealer,41
Research foundation,41
Wildlife rescue service,41
Confectionery,41
Irish restaurant,41
Beach entertainment shop,41
Rare book store,40
Nursing agency,40
Aviation consultant,40
Regional airport,40
Dry ice supplier,40
Food store,40
Incense supplier,40
Glass engraver,40
Vehicle shipping agent,40
Indonesian restaurant,40
Foreclosure service,40
Balloon artist,40
Carpenter,40
Magician,40
Modern French restaurant,40
Towing equipment provider,40
Blood bank,40
Camper shell supplier,40
Investment company,40
Art cafe,40
Plywood supplier,39
Glazier,39
Telecommunications,39
Business administration service,39
Chinese bakery,39
Skylight contractor,39
Electrolysis hair removal service,39
Colombian restaurant,39
Water treatment supplier,39
Woods,39
Bookbinder,39
Greek Orthodox church,39
Oriental rug store,39
Rheumatologist,39
Costume rental service,39
Honey farm,39
Transport interchange,39
Traditional restaurant,39
Land Rover dealer,38
Interior plant service,38
Fire alarm supplier,38
Bicycle club,38
Environmental program,38
Health and beauty,38
Bus ticket agency,38
Chocolate artisan,38
Aromatherapy supply store,38
Sticker manufacturer,38
African restaurant,38
Orthodox synagogue,38
Outlet mall,38
Public safety office,38
Kawasaki motorcycle dealer,38
Visa consultant,38
Model shop,38
Copying supply store,37
Fireworks store,37
Soil testing service,37
Vascular surgeon,37
Skydiving center,37
Computer hardware manufacturer,37
Airplane,37
Piano tuning service,37
Ballroom dance instructor,37
Sheet music store,37
Pond fish supplier,37
Floor sanding and polishing service,37
Portable toilet supplier,37
Wheelchair repair service,37
Professional organizer,37
Self-catering accommodation,37
SCUBA tour agency,37
Chocolate factory,37
Family day care service,37
Career guidance service,37
Environmental organization,37
Sailing school,37
Little league club,37
Beauty,37
Road construction company,37
Scooter rental service,36
Horse rental service,36
Water treatment plant,36
Finance broker,36
Russian restaurant,36
Airbrushing service,36
Fiberglass repair service,36
Piano repair service,36
Chinese medicine clinic,36
Moroccan restaurant,36
Belt shop,36
Special education school,36
Screen printing supply store,36
Coaching center,36
Basketball club,36
Savings bank,36
Pier,36
Pinatas supplier,36
Graduate school,36
Transportation infrastructure,35
Iron works,35
Miniatures store,35
Holiday apartment,35
Reproductive health clinic,35
Infiniti dealer,35
Beauty products wholesaler,35
Real estate school,35
Flag store,35
Beach pavillion,35
Lamp repair service,35
Little league field,35
Executive search firm,35
Transit stop,35
Function room facility,35
Liquidator,35
Neurosurgeon,35
Reservoir,35
Athletic track,35
Establishment,35
Boat accessories supplier,35
Coin operated laundry equipment supplier,35
Aerial photographer,35
DJ supply store,34
Unitarian Universalist Church,34
Domestic airport,34
Lymph drainage therapist,34
Event technology service,34
Book publisher,34
Hoagie restaurant,34
Softball club,34
Class,34
Hematologist,34
Hand surgeon,34
Energy equipment and solutions,34
Beautician,34
Race car dealer,34
Ferry service,34
Pallet supplier,34
Commercial real estate inspector,34
Tire repair shop,34
Violin shop,34
Petroleum products company,34
Private tutor,34
Veterans affairs department,34
Notable street,34
African goods store,33
Wedding buffet,33
Water pump supplier,33
Laboratory equipment supplier,33
Reclamation centre,33
Tobacco supplier,33
Villa,33
Sewing company,33
Agricultural production,33
Recycling drop-off location,33
Tennis instructor,33
Import export company,33
Circus,33
Stock broker,33
Container terminal,33
Mirror shop,33
Gospel church,33
Monastery,33
Air compressor supplier,33
Environmental engineer,33
Hockey rink,33
Jaguar dealer,32
Bird watching area,32
Cell phone charging station,32
Chapel,32
Drive-in movie theater,32
Helium gas supplier,32
Wheelchair rental service,32
Nightlife,32
Board game club,32
Real estate appraiser,32
Medical examiner,32
Construction and maintenance office,32
Educational testing service,32
Abrasives supplier,32
Observatory,32
Scandinavian restaurant,32
Malaysian restaurant,31
Fire protection system supplier,31
Ballroom,31
Interior construction contractor,31
Sewage disposal service,31
Coin cashing machine,31
Scrap metal dealer,31
Food manufacturing supply,31
Volleyball club,31
Foot bath,31
Dairy store,31
Religious book store,31
Refrigerated transport service,31
Sukiyaki and Shabu Shabu restaurant,31
Yakitori restaurant,31
Meat packer,31
Child health care centre,31
Plating service,31
Patent attorney,31
Non-governmental organization,31
Call center,31
Part time daycare,31
Trailer manufacturer,31
Gay & lesbian organization,31
Hair transplantation clinic,30
Machining manufacturer,30
Hong Kong style fast food restaurant,30
Pizza takeaway,30
Drafting service,30
Water cooler supplier,30
Used CD store,30
Church supply store,30
Saw sharpening service,30
Aluminum supplier,30
Piano bar,30
Bark supplier,30
Fondue restaurant,30
Direct mail advertising,30
Pottery classes,30
Agricultural product wholesaler,29
Tree farm,29
Court reporter,29
Musical club,29
Electronics,29
Chimney services,29
Aggregate supplier,29
Photo booth,29
Fountain contractor,29
Office,29
Chinese tea house,29
Horse riding,29
Transcription service,29
Storage,29
Curtain and upholstery cleaning service,29
Martial arts club,29
Baby swimming school,29
Rafting,29
Hip hop dance class,29
Fire protection consultant,29
Transportation,28
Adoption agency,28
Astrologer,28
Vacuum cleaning system supplier,28
Meal delivery,28
Rodeo,28
Government,28
Cottage,28
Mobile hairdresser,28
Mitsubishi dealer,28
Jewellery manufacturer,28
Beach volleyball court,28
Massage school,28
Carpet wholesaler,28
Natural history museum,28
Paintball store,28
Sweets and dessert buffet,28
Civil engineering company,28
Probation office,28
Pond contractor,28
Knife store,28
Motorcycle driving school,28
Hunan restaurant,28
Eastern Orthodox Church,28
Glass etching service,28
Pony ride service,28
Printing equipment and supplies,28
Homeopath,28
Veterans center,28
Coffee machine supplier,27
Protestant church,27
Brasserie,27
Fishing club,27
Car sharing location,27
Native american goods store,27
Fishing camp,27
Racquetball club,27
IMAX theater,27
Ferry terminal,27
Taxidermist,27
Travel clinic,27
Modular home dealer,27
Kosher grocery store,27
Home help service agency,27
Dairy supplier,27
Anglican church,27
ATV rental service,27
Mission,27
Anesthesiologist,27
Hospital department,27
Meat dish restaurant,27
Door manufacturer,27
Tesla showroom,26
Serviced accommodation,26
Tai chi school,26
Gymnastics club,26
Heliport,26
Water,26
Abortion clinic,26
Painting lessons,26
Continental restaurant,26
Oilfield,26
Basque restaurant,26
Poultry farm,26
Metal workshop,26
Helicopter tour agency,26
Casket service,26
Ham shop,26
Fitness equipment wholesaler,26
Food and beverage consultant,26
Elevator service,26
Mechanical engineer,26
Hawaiian goods store,25
Curtain store,25
Gay night club,25
Child psychologist,25
Customs broker,25
Swimming basin,25
Medical billing service,25
Student union,25
BMW motorcycle dealer,25
Outboard motor store,25
Fish farm,25
Store equipment supplier,25
Modeling agency,25
Diabetes center,25
Garden building supplier,25
Protective clothing supplier,25
Specialized clinic,25
Vocal instructor,25
Conservation department,25
Chocolate cafe,25
Medical equipment manufacturer,24
Honduran restaurant,24
Aircraft maintenance company,24
Athletic park,24
Otolaryngology clinic,24
Saw mill,24
Sunroom contractor,24
Oil refinery,24
Judo school,24
Prosthodontist,24
Newspaper advertising department,24
Parking,24
Rail museum,24
Photography class,24
Magic store,24
Montessori school,24
Aviation,24
Container service,24
Gas logs supplier,24
Classified ads newspaper publisher,24
Restaurant or cafe,24
Police station,24
Train yard,24
Video game rental kiosk,24
Cosmetics industry,23
Taxicab Stand,23
Hub cap supplier,23
Leather wholesaler,23
Crushed stone supplier,23
Strait,23
Design engineer,23
Resume service,23
Gas installation service,23
Livestock breeder,23
Carport and pergola builder,23
Kite shop,23
Fish and chips takeaway,23
Dirt supplier,23
Suzuki motorcycle dealer,23
Dental school,23
Theatrical costume supplier,23
Group home,23
Olive oil bottling company,23
Israeli restaurant,23
Australian goods store,23
Building inspector,23
Border crossing station,23
Conservative synagogue,23
Drilling contractor,23
Bowling supply shop,23
Interior Decorator,23
Video camera repair service,23
Dating service,22
Egg supplier,22
Transportation escort service,22
Airport parking lot,22
Hunting store,22
Glass merchant,22
Modern art museum,22
Homestay,22
Railing contractor,22
Midwife,22
Adult DVD store,22
Fishing pond,22
Ski repair service,22
Bus and coach company,22
Lottery shop,22
Pump supplier,22
Table tennis facility,22
Sewage treatment plant,22
Dress and tuxedo rental service,22
Oil field equipment supplier,22
Electrical substation,22
Drum store,22
Energy supplier,22
Animal park,22
Soccer practice,22
Private college,22
Industrial vacuum equipment supplier,22
Fountain,22
Paper store,22
Bouncy castle hire,21
Spa town,21
Estate appraiser,21
Bocce ball court,21
Public works department,21
Snow removal service,21
Archive,21
Video game rental service,21
District office,21
Tofu restaurant,21
Dart supply store,21
Mapping service,21
Fishing area,21
Grain elevator,21
Pool billard club,21
Orchid grower,21
Cycling park,21
Fabrication engineer,21
E commerce agency,21
Animation studio,21
Naval base,21
Plastic products supplier,21
Adventure sports center,21
Country park,21
Sauna store,20
Head start center,20
Water works,20
Specialized hospital,20
Wholesale food store,20
Rental,20
Magazine store,20
Holiday home,20
Chemical manufacturer,20
Bearing supplier,20
Recycling container location,20
Venezuelan restaurant,20
Video game rental store,20
Reef,20
Makerspace,20
Amish furniture store,20
Youth group,20
Lighting manufacturer,20
Agrochemicals supplier,20
Oil store,20
Singaporean restaurant,20
Heritage museum,20
Cattery,20
Nephrologist,20
Body shaping class,20
Fertility physician,20
Cave,20
Spiritist center,20
Information bureau,20
Cruise line company,20
Model train store,20
Forestry office,20
Women's organization,20
Ecological park,20
Sculpture museum,20
Childrens club,19
Bicycle wholesale,19
Rubber products supplier,19
Russian Orthodox church,19
Spring supplier,19
Punjabi restaurant,19
Bar stool supplier,19
Wetland,19
Boating instructor,19
Metal polishing service,19
Travellers lodge,19
Mobile home supply store,19
Bank or ATM,19
Airline ticket agency,19
Monogramming service,19
Pick your own farm produce,19
Balloon ride tour agency,19
Silk plant shop,19
Fruit wholesaler,19
Physiatrist,19
CD store,19
East African restaurant,19
Small claims assistance service,19
Music management and promotion,19
Fixed-base operator,19
Full Gospel church,19
National reserve,19
Used game store,19
Pan-Latin restaurant,19
First aid station,19
Oaxacan restaurant,19
Office equipment rental service,19
Tool manufacturer,19
Osteopath,19
Water jet cutting service,19
Gazebo builder,18
Fencing school,18
Visa and passport office,18
Charcuterie,18
Horse trailer dealer,18
Clothes and fabric manufacturer,18
Container supplier,18
Parish,18
Military cemetery,18
Internet shop,18
Law school,18
Poultry store,18
Debt collection agency,18
Stair contractor,18
Battery wholesaler,18
Bangladeshi restaurant,18
Duty free store,18
Green energy supplier,18
Birth center,18
Birth control center,18
Printing equipment supplier,18
Physician referral service,18
Optical products manufacturer,18
MINI dealer,18
Shoe factory,18
Organic drug store,18
Ducati dealer,18
Repairs,18
Tag agency,18
Free clinic,18
Craniosacral therapy,18
Machine maintenance,18
Hispanic church,18
Chophouse restaurant,18
BMX track,18
Nicaraguan restaurant,18
Insurance,18
Public wheelchair-accessible bathroom,18
House sitter,18
Automation company,18
Vocational college,18
Drum school,18
Rubber stamp store,17
Semi conductor supplier,17
Diabetes equipment supplier,17
Political party office,17
Video equipment repair service,17
Sports,17
Mailbox supplier,17
Pond,17
Business broker,17
Leather goods manufacturer,17
Urban planning department,17
Power station,17
License bureau,17
Mehndi designer,17
Pen store,17
Parkour spot,17
Wok restaurant,17
Housing society,17
Russian grocery store,17
Medical certificate service,17
Dump truck dealer,17
Golf,17
Hockey supply store,17
Oriental goods store,17
Occupational safety and health,17
Alfa Romeo dealer,17
Fiat dealer,17
Pediatric ophthalmologist,17
Stamp shop,17
Tune up supplier,17
Ceramic manufacturer,17
Accounting,17
AÃ§aÃ­ shop,17
Sicilian restaurant,16
Video conferencing equipment supplier,16
Building consultant,16
Building design company,16
International airport,16
Veterans hospital,16
Musical instrument manufacturer,16
Leather coats store,16
Bonsai plant supplier,16
Belgian restaurant,16
District government office,16
Wood working class,16
Yakiniku restaurant,16
Outdoor movie theater,16
Boat trailer dealer,16
Needlework shop,16
Boat builders,16
Barbecue area,16
Wrestling school,16
Jewelry equipment supplier,16
Cake decorating equipment shop,16
Food and beverage exporter,16
Hydroelectric power plant,16
Maritime museum,16
Junior college,16
Notions store,16
Toll booth,16
Forensic consultant,16
English restaurant,16
Driver and vehicle licensing agency,16
Ocean,16
Environmental protection organization,16
Clothes market,16
Youth club,16
Law library,16
Moped dealer,16
Cheese manufacturer,16
State employment department,16
Credit reporting agency,16
Motor scooter repair shop,16
Chemical wholesaler,16
Alliance church,15
Country food restaurant,15
Foam rubber supplier,15
Highway patrol,15
Closed circuit television,15
Olive oil manufacturer,15
Electronics vending machine,15
Glass manufacturer,15
Income protection insurance,15
Orchestra,15
Portuguese restaurant,15
Certification agency,15
Travel lounge,15
Electric utility manufacturer,15
Mine,15
Modular home builder,15
Diving center,15
Log cabins,15
Modern izakaya restaurants,15
Mining equipment,15
Pet care,15
Friends church,15
Glass industry,15
Nuevo Latino restaurant,15
Cliff,15
Fruit and vegetable processing,15
Handicraft,15
Housing association,15
Puerto Rican restaurant,15
Vinyl sign shop,15
Dental supply store,15
Media consultant,15
Aluminum window,15
Timeshare agency,15
Agriculture cooperative,15
Tile manufacturer,15
Door warehouse,14
Dog cafe,14
Eritrean restaurant,14
Database management company,14
Dance restaurant,14
Dairy farm equipment supplier,14
Hall,14
Heart hospital,14
Cooking school,14
Convention information bureau,14
Horse riding field,14
Human resources,14
Hunting club,14
Industrial door supplier,14
Industrial real estate agency,14
Jewish restaurant,14
Lamp shade supplier,14
Cider mill,14
Churreria,14
Machine repair service,14
Machine workshop,14
Chinese supermarket,14
Metal industry suppliers,14
Catholic cathedral,14
Cathedral,14
Cat boarding service,14
Castle,14
Planetarium,14
Plastic injection molding service,14
Poke bar,14
Preparatory school,14
Primary school,14
Quarry,14
Railway services,14
Rock climbing instructor,14
School administrator,14
Shipyard,14
Short term apartment rental agency,14
Badminton court,14
Social worker,14
Surveyor,14
Asphalt mixing plant,14
Tattoo artist,14
Tax assessor,14
Arboretum,14
Tower communication service,14
Travel,14
Trucking,14
Alcohol manufacturer,14
Venture capital company,14
Vineyard church,14
Weather forecast service,14
Aerial sports center,14
Acrylic store,13
Paint stripping company,13
Haute couture fashion house,13
Civic center,13
Railroad contractor,13
Sheltered housing,13
Agricultural organization,13
Marriage license bureau,13
Marriage celebrant,13
Chinese medicine store,13
Homeopathic pharmacy,13
Serviced apartment,13
Equestrian store,13
Shrine,13
Mining company,13
Curtain supplier and maker,13
Parasailing ride service,13
Road cycling,13
Road construction machine repair service,13
Frozen food manufacturer,13
Wildlife park,13
Clock watch maker,13
Helicopter charter,13
French steakhouse restaurant,13
Auto window tinting service,13
Steel construction company,13
Drama theater,13
Nursery school,13
Food machinery supplier,13
Cosmetic products manufacturer,13
Chemical plant,13
Bridge club,13
Urology clinic,13
Mathematics school,13
Dart bar,13
Blues club,13
Logging contractor,13
Income tax help association,13
Hot spring,13
Hot spring hotel,13
Computer wholesaler,13
Salsa classes,13
Photo agency,13
Hunting area,13
Pet cemetery,13
Vista,13
Furniture accessories supplier,13
Tiki bar,13
Soba noodle shop,13
Soccer,13
Immunologist,13
Livestock auction house,13
Driver's license office,13
Maserati dealer,13
Bar restaurant furniture store,13
District attorney,13
Tonkatsu restaurant,12
Egyptian restaurant,12
Ghost town,12
Insulator supplier,12
Childrens party buffet,12
Armenian church,12
Lapidary,12
Syrian restaurant,12
Yoga retreat center,12
Biking trail,12
Interior door,12
Literacy program,12
Disco club,12
City clerk's office,12
Wholesale market,12
Containers supplier,12
Sri Lankan restaurant,12
Contemporary Louisiana restaurant,12
Fair,12
Pet moving service,12
Air force base,12
Building materials market,12
Badminton club,12
Holiday apartment rental,12
Optical wholesaler,12
State liquor store,12
Fire department equipment supplier,12
Fishing lake,12
Flavours fragrances and aroma supplier,12
Lawn bowls club,12
Legal aid office,12
Car factory,12
Amusement ride supplier,12
Dive club,12
Dude ranch,12
Cable car station,12
Triumph motorcycle dealer,12
Tribal headquarters,12
Dairy,12
Customs warehouse,12
Fur service,12
Lagoon,12
Toy manufacturer,12
Cosmetics and perfumes supplier,12
Boarding house,11
Gynecologist,11
Spices wholesalers,11
Natural stone wholesaler,11
Metropolitan train company,11
Feed manufacturer,11
Lawyers association,11
Figurine shop,11
Packaging machinery,11
Laser equipment supplier,11
Biryani restaurant,11
Outdoor equestrian facility,11
State Department of Transportation,11
Air taxi,11
Tempura restaurant,11
Tax collector's office,11
Hunting preserve,11
Alternative medicine,11
Medical lawyer,11
Slope,11
Theater supply store,11
Channel,11
Map store,11
Paper mill,11
Rowing club,11
Gemologist,11
Food processing equipment,11
Football club,11
Amusement machine supplier,11
Polynesian restaurant,11
Tea wholesaler,11
Eastern European restaurant,11
Skeet shooting range,11
Bakery equipment,11
Wesleyan church,11
Portable building manufacturer,11
Plastic wholesaler,11
Telephone exchange,11
3D printing service,11
Power plant equipment supplier,11
Junk dealer,11
Frozen food store,11
Shelter,11
Bartending school,11
Water skiing instructor,11
Livestock dealer,11
Agricultural service supply agency,11
Music conservatory,11
Watch manufacturer,11
Retail space rental agency,11
Voter registration office,11
Unfinished furniture store,10
Army facility,10
Mennonite church,10
Cinema equipment supplier,10
Kyoto style Japanese restaurant,10
Agricultural machinery manufacturer,10
Tuscan restaurant,10
Drivers license training school,10
Metal processing company,10
Pacific Rim restaurant,10
Package locker,10
Pizza,10
Fruit and vegetable wholesaler,10
Cultural association,10
Medical technology manufacturer,10
Polythene and plastic sheeting supplier,10
Display stand manufacturer,10
Skin care products vending machine,10
Technology museum,10
Childbirth class,10
BMX park,10
Telemarketing service,10
Housing cooperative,10
Masonic center,10
Wax supplier,10
Blacksmith,10
Pathologist,10
Pottery manufacturer,10
Nurse practitioner,10
Hospital equipment and supplies,10
Detention center,10
Tram stop,10
Building lots sales agency,10
Sailing club,10
Knitting instructor,10
Model design company,10
Korean beef restaurant,10
Financial audit,10
Infectious disease physician,10
Holiday park,10
Distance learning center,10
School center,10
Computer club,10
Singles organization,10
War memorial,10
Software training institute,10
Police academy,10
Neapolitan restaurant,10
Administrative attorney,10
Building,10
Glass block supplier,10
Acoustical consultant,10
Mountain range,10
Fruits wholesaler,10
Agriculture,10
Science academy,10
State police,10
Indian Muslim restaurant,10
Childrens theater,10
Metal working shop,10
Play school,10
Golf course builder,10
Boiler supplier,10
Scale model club,10
Sake brewery,10
Attraction,10
Equestrian club,10
Indoor golf course,10
Auditor,10
Emergency services,9
Disciples of Christ Church,9
Image consultant,9
Blast cleaning service,9
Christmas market,9
Bentley dealer,9
Wedding dress rental service,9
Industrial design company,9
Loss adjuster,9
Agricultural association,9
Compressed natural gas station,9
Shooting event area,9
Liquor wholesaler,9
Internal medicine ward,9
Japanese confectionery shop,9
Beverages,9
Performing arts,9
Scale supplier,9
Fabric product manufacturer,9
Aikido school,9
Juvenile detention center,9
Farmstay,9
Kitchen,9
Aircraft manufacturer,9
Ferrari dealer,9
Photocopiers supplier,9
Alcoholic beverage wholesaler,9
Fish and seafood restaurant,9
Physician assistant,9
Danish restaurant,9
University hospital,9
Unity church,9
Fortress,9
Women's shelter,9
Foundry,9
Accounting software company,9
River port,9
Education and culture,9
Camping farm,9
Lamborghini dealer,9
Domestic abuse treatment center,9
Gas shop,9
Cruise terminal,9
Gay sauna,9
Archery club,9
Architectural salvage store,9
Dog care,9
Metal detecting equipment supplier,9
Graffiti removal service,9
Metal construction company,9
Countertop contractor,9
Table tennis supply store,9
Carriage ride service,9
Advertising service,9
Cottage rental,9
Halfway house,9
Sundae restaurant,9
Night market,9
Oil wholesaler,9
Holiday accommodation service,9
Paper shredding machine supplier,9
Household goods wholesaler,9
Taoist temple,8
North Eastern Indian restaurant,8
Acupuncture school,8
West African restaurant,8
Wholesaler household appliances,8
Telescope store,8
Metal stamping service,8
Geotechnical engineer,8
Prosthetics,8
Gastrointestinal surgeon,8
Chilean restaurant,8
Skate sharpening service,8
Tool grinding service,8
Studying center,8
Board of education,8
Bead wholesaler,8
Students support association,8
Oyster supplier,8
Sailing event area,8
Drawing lessons,8
Heating oil supplier,8
Off track betting shop,8
Dry fruit store,8
Heritage building,8
Sailmaker,8
Workers' club,8
Oriental medicine clinic,8
Typewriter repair service,8
Flour mill,8
Civil police,8
Social welfare center,8
Buddhist supplies store,8
Ceramics wholesaler,8
Cement supplier,8
Deaf service,8
Hockey club,8
Hungarian restaurant,8
Debt collecting,8
Marines facility,8
Scouting,8
Federal courthouse,8
Bus depot,8
War museum,8
Eye care,8
Desktop publishing service,8
Music publisher,8
Battery manufacturer,8
Self service restaurant,8
Seminary,8
Senior high school,8
City Department of Public Safety,8
Envelope supplier,8
City administration,8
Interior decoration,8
Bikram yoga studio,8
Swedish restaurant,8
Childrens cafe,8
Professional and hobby associations,8
Asian,8
Swiss restaurant,8
North African restaurant,8
Coffee vending machine,7
Leisure centre,7
Office supply wholesaler,7
Electronics wholesaler,7
Civil defense,7
Coast guard station,7
Korean rib restaurant,7
Parking lot for motorcycles,7
Law book store,7
Embassy,7
Distributary,7
Weddings,7
Engineering school,7
English language instructor,7
Olive oil cooperative,7
Diaper service,7
Exhibition planner,7
Perinatal center,7
Music,7
Museum of space history,7
Department of education,7
Pet funeral service,7
Feng shui consultant,7
Fiberglass supplier,7
Film and photograph library,7
Vehicle exporter,7
Vegetation,7
Motoring club,7
Flooring,7
Food broker,7
Food delivery,7
Fortune telling services,7
French language school,7
Mobile money agent,7
Anime club,7
Car rental,7
Canadian restaurant,7
Train ticket agency,7
Minibus taxi service,7
Train depot,7
Camping cabin,7
Toy and game manufacturer,7
Aquaculture farm,7
Tower,7
Genesis dealer,7
Army museum,7
Youth care,7
Messianic synagogue,7
Greengrocer,7
Asian household goods store,7
Proctologist,7
Suzuki dealer,7
Surf lifesaving club,7
Hang gliding center,7
Diving contractor,7
Haute French restaurant,7
Health resort,7
Copper supplier,7
Electronic engineer,7
High ropes course,7
Public utility,7
Austrian restaurant,7
Nudist park,7
Concrete metal framework supplier,7
Aviation training institute,7
Railroad equipment supplier,7
Rainwater tank supplier,7
Electronics accessories wholesaler,7
Snowmobile dealer,7
Smart shop,7
Industrial consultant,7
Record company,7
Biofeedback therapist,7
Interior architect office,7
International school,7
Iron steel contractor,7
Registry office,7
Japanese sweets restaurant,7
Bicycle store,7
Barn,7
Seafood donburi restaurant,7
Oil and gas exploration service,6
Office equipment repair service,6
Notaries association,6
Passport agent,6
New Zealand restaurant,6
Newspaper distribution,6
Neonatal physician,6
Pediatric cardiologist,6
Building firm,6
Photography,6
Photography school,6
Pinball machine supplier,6
Modern British restaurant,6
Model portfolio studio,6
Plasterer,6
Plastic bag supplier,6
Modeling school,6
Mobile network operator,6
Playground equipment supplier,6
Playgroup,6
Pneumatic tools supplier,6
Poâ boys restaurant,6
Police,6
Polish restaurant,6
Mill,6
Books wholesaler,6
Port operating company,6
Prefabricated house companies,6
Private hospital,6
Promenade,6
Childrens library,6
Media house,6
Public bath,6
Public defender's office,6
Chinese food,6
Public sauna,6
Public transport,6
PVC windows supplier,6
Marine engineer,6
Manufactured home transporter,6
Christian college,6
Livestock producer,6
Lighthouse,6
City tax office,6
Residents association,6
Beauty products vending machine,6
Rock,6
Youth hostel,6
Roller skating club,6
Saddlery,6
Clothing wholesale market place,6
Sauna club,6
Scale repair service,6
Kaiseki restaurant,6
Basketball,6
Sculptor,6
Seafood farm,6
Isuzu dealer,6
Drinking water dispenser,6
Institute of technology,6
Computer desk store,6
Singing telegram service,6
Industrial chemicals wholesaler,6
Industrial building,6
Snowmobile rental service,6
Ice skating instructor,6
Social services,6
Ice cream equipment supplier,6
Solar photovoltaic power plant,6
Solid waste engineer,6
Condiments supplier,6
House clearance service,6
Sport tour agency,6
Stand bar,6
Study at home school,6
Suburban train line,6
Superfund site,6
Aston Martin dealer,6
Assembly room,6
Handicraft school,6
Hair,6
Table tennis club,6
Government economic program,6
Crane dealer,6
Crater,6
Technology park,6
Crisis center,6
Georgian restaurant,6
Geologist,6
Thread supplier,6
Archaeological site,6
Gas and automotive,6
Anodizer,6
Foreign languages program school,6
Truss manufacturer,6
Tunisian restaurant,6
Tunnel,6
Dam,6
Fish processing,6
Used store fixture supplier,6
Fireplace manufacturer,6
Vending machine,6
Fiber optic products supplier,6
Farm household tour,6
Department of Public Safety,6
Wellness hotel,6
Electrical appliance wholesaler,6
Eating disorder treatment center,6
Dock builder,6
Dyeworks,6
Clothing,5
Haberdashery,5
Ashram,5
Marketing,5
Memorial estate,5
Disability equipment supplier,5
Handball court,5
Consumer advice center,5
Martial arts,5
Earth works company,5
Coffin supplier,5
Agricultural,5
Propeller shop,5
Cosmetic surgeon,5
English language camp,5
Measuring instruments supplier,5
Student career counseling office,5
Psychoneurological specialized clinic,5
License plate frames supplier,5
Stone cutter,5
Environment renewable natural resources,5
Salvage dealer,5
Stitching class,5
Hindu priest,5
Std clinic,5
Water tank cleaning service,5
Water skiing service,5
Japanized western restaurant,5
Erotic massage,5
Ethnographic museum,5
Exhibition and trade centre,5
Japanese regional restaurant,5
Musician and composer,5
Music box store,5
Desert,5
Airbrushing supply store,5
Volcano,5
Farm bureau,5
Capoeira school,5
Irish goods store,5
Community school,5
Festival hall,5
Community service,5
Pharmaceutical lab,5
Kerosene supplier,5
International trade consultant,5
Open university,5
Airstrip,5
Shipping equipment industry,5
Builder,5
Beds,5
Roommate referral service,5
Opera company,5
Bilingual school,5
Typing service,5
Pine furniture shop,5
Trust bank,5
Customs consultant,5
Fund management company,5
Mineral water company,5
Skating instructor,5
Skin care,5
Polygraph service,5
Appliance rental service,5
Milk delivery service,5
Embossing service,5
Birth certificate service,5
Yemenite restaurant,5
Gasfitter,5
Tool & die shop,5
Tofu shop,5
Port,5
Screw supplier,5
Ice skating club,5
Crop grower,5
Kinesiologist,5
Tibetan restaurant,5
Wine,5
Architectural and engineering model maker,5
Terrain,5
Catalonian restaurant,5
Macrobiotic restaurant,5
Judo club,5
Bookmaker,5
Aeroclub,5
Solar hot water system supplier,5
Leagues club,5
Choir,5
Power plant consultant,5
South African restaurant,5
Telecommunications engineer,5
Tea manufacturer,5
Drone shop,5
Oriental medicine store,5
Office of Vital Records,5
Wool store,5
Cabaret club,5
Courier & shipping services,5
Gymnasium school,5
Jewelry exporter,5
Recycling,4
Port authority,4
Outdoor bath,4
Marine protected area,4
Ayurvedic clinic,4
Crime victim service,4
Fitted furniture supplier,4
Amateur theater,4
Chemical industry,4
Ukrainian restaurant,4
Geological service,4
Okonomiyaki restaurant,4
Roman restaurant,4
Pagoda,4
Office accessories wholesaler,4
Food seasoning manufacturer,4
Confectionery wholesaler,4
Brazilian pastelaria,4
Orchid farm,4
Silk store,4
Czech restaurant,4
Wedding souvenir shop,4
Plumbing,4
Tea market place,4
Children Policlinic,4
Full dress rental service,4
Rolls Royce dealer,4
Transit depot,4
Medical transcription service,4
Hotel supply store,4
Childrens farm,4
Dye store,4
Gold mining company,4
Tennis court construction company,4
Electric vehicle charging station contractor,4
Ski club,4
Cosmetics wholesaler,4
Childrens home,4
Printer ink refill store,4
Squash court,4
Antenna service,4
Concrete factory,4
Property administrator,4
Wood frame supplier,4
Dynamometer supplier,4
Futsal court,4
Endoscopist,4
Nudist club,4
Boarding school,4
Ski school,4
Lawyer,4
Cooling plant,4
Gambling house,4
Pacific Northwest restaurant (US),4
McLaren dealer,4
Public amenity house,4
Polymer supplier,4
Windsurfing store,4
Abundant Life church,4
Pediatric dermatologist,4
Indian sweets shop,4
Steelwork manufacturer,4
Steel erector,4
Steel drum supplier,4
Higher education,4
Steamed bun shop,4
Military residence,4
Higher secondary school,4
Maternity hospital,4
Indian sizzler restaurant,4
Cold noodle restaurant,4
Nuclear power plant,4
Rice mill,4
Salsa bar,4
Syokudo and Teishoku restaurant,4
Military hospital,4
Garment exporter,4
Equipment importer,4
Congregation,4
Water polo pool,4
Beach cleaning service,4
Tortilla shop,4
Basketball court contractor,4
Couture store,4
Disposable tableware supplier,4
Waterbed store,4
Carpool,4
Archaeological museum,4
Soondae restaurant,4
Registered general nurse,4
Chess club,4
Laundry room,4
Porridge restaurant,4
Fair trade organization,4
Open air museum,4
Cash and carry wholesaler,4
Western restaurant,4
Cottage village,4
Dental,4
Chess instructor,4
Blind school,4
Driving test centre,4
Laminating equipment supplier,4
Architecture school,4
Chicken hatchery,4
Justice department,4
Cannery,4
Velodrome,4
Vehicle examination office,4
Yucatan restaurant,4
VCR repair service,4
Leather goods supplier,4
Shipbuilding and repair company,4
Finishing materials supplier,4
Dominican restaurant,4
Banking and finance,4
PVC industry,4
Deaf church,4
Rock music club,4
Croatian restaurant,4
Drafting equipment supplier,3
Scientific equipment supplier,3
Karate club,3
Junk store,3
Seafood,3
Security,3
Barrister,3
Barrel supplier,3
City employment department,3
Bicycles,3
City department of transportation,3
Serbian restaurant,3
Comic cafe,3
Shawarma restaurant,3
Ship building,3
Livery company,3
Intellectual property registry,3
Company registry,3
Lock Store,3
Ballet theater,3
Real estate fair,3
Economic development agency,3
Love hotel,3
Computers,3
Smart Car dealer,3
Luggage wholesaler,3
Rapids,3
Immigration detention centre,3
Machine construction,3
Womens college,3
Machinery parts manufacturer,3
Hygiene station,3
Radio tower,3
Mailing machine supplier,3
Eatery,3
Spa garden,3
Houseboat rental service,3
Quaker church,3
Sperm bank,3
Sports accessories wholesaler,3
Horse transport supplier,3
Conservatory construction contractor,3
Sportwear manufacturer,3
Squash club,3
Chinese language school,3
Stall installation service,3
Convenience stores organization,3
State Department of Environment,3
Public medical center,3
Historic city center,3
Steel framework contractor,3
Stone carving,3
Cooperative,3
Mechanical plant,3
Provence restaurant,3
Media,3
Surgical supply store,3
Handicraft fair,3
Swimming competition,3
Private equity firm,3
Gypsum product supplier,3
Child psychiatrist,3
Council,3
Printing,3
Tax,3
Doll restoration service,3
Metal machinery supplier,3
Tea and coffee merchant,3
Armed forces association,3
Goldfish store,3
Technical university,3
Cricket club,3
Cricket ground,3
Pozole restaurant,3
Area,3
Glass,3
Girls' high school,3
Geyser,3
German language school,3
Textile exporter,3
Textiles,3
Office refurbishment service,3
Oriental medical clinic,3
Archery event,3
Toiletries store,3
Gardening products and services,3
Traditional market,3
Traffic police station,3
Polo club,3
Furniture,3
Orthoptist,3
Train ticket counter,3
Mobile disco,3
Bowling club,3
Chemistry lab,3
Travel services,3
Places of interest,3
Footwear wholesaler,3
Bricklayer,3
Care services,3
Opera house,3
Mold maker,3
Dance conservatory,3
Unemployment office,3
Foam rubber producer,3
Physiotherapy equipment supplier,3
Uzbeki restaurant,3
Cement manufacturer,3
Vegetable wholesaler,3
Building designer,3
Ventilating equipment manufacturer,3
Veterans,3
Office services,3
Federal police,3
Video karaoke,3
Village hall,3
Farm school,3
Department of finance,3
Factory equipment supplier,3
Museum of zoology,3
Detective,3
Cattle farm,3
Native American restaurant,3
Agricultural engineer,3
Agricultural cooperative,3
Patients support association,3
Aeromodel shop,3
Welding,3
Aero dance class,3
Carpet manufacturer,3
Double glazing installer,3
Emergency call booth,3
Adult foster care service,3
Electronics engineer,3
Numerologist,3
Paper bag supplier,3
Wind farm,3
Romanian restaurant,3
Land surveying office,3
Clergyman,3
Rugby field,3
Land planning authority,3
Beach volleyball club,3
Clothes and fabric wholesaler,3
Saab dealer,3
Rice cake shop,3
Sand plant,3
Roadside assistance,2
Slaughterhouse,2
Regional government office,2
Toy museum,2
Turkmen restaurant,2
Jain temple,2
Pantry,2
Faculty of sports,2
Pilgrimage place,2
Volleyball instructor,2
Brick manufacturer,2
Metal heat treating service,2
School house,2
Government school,2
Curling club,2
Japanese cheap sweets shop,2
Government hospital,2
Palace,2
Trade fair construction company,2
Games,2
Shop supermarket furniture store,2
Industrial area,2
Folk high school,2
Japanese delicatessen,2
Design institute,2
Cane furniture store,2
Flowers,2
Traditional costume club,2
Japanese food,2
Music instruction,2
Puppet theater,2
Recreational vehicle,2
Dance pavillion,2
Rice shop,2
Clock tower,2
Diabetologist,2
Line marking service,2
Ethnic foods,2
Bariatric surgeon,2
Real estate auctioneer,2
Lighting,2
Alumni association,2
Dan Dan noodle restaurant,2
Pediatric orthopedic surgeon,2
Traditional teahouse,2
Equipment exporter,2
Glassware manufacturer,2
National museum,2
Taxis,2
Lido,2
Bazar,2
Lost property office,2
Cold cut store,2
Aromatherapy class,2
Flamenco theater,2
School for the deaf,2
Wax museum,2
Pedestrian zone,2
Railroad ties supplier,2
Hypermarket,2
Wildlife and safari park,2
Shopfitter,2
Piano,2
Alternative medicine clinic,2
Butane gas supplier,2
Scout hall,2
Mountain cable car,2
Outdoor activities,2
Bugatti dealer,2
Seaplane base,2
Tank,2
Training,2
Rolled metal products supplier,2
Electronics exporter,2
Fireworks supplier,2
Luggage storage facility,2
Data entry service,2
South Indian restaurant,2
Samba school,2
Katsudon restaurant,2
Statue,2
Elevator manufacturer,2
Public female bathroom,2
Kazakhstani restaurant,2
Train ticket office,2
Public call office booth,2
Tea exporter,2
Thai massage,2
Historical market square,2
Log home builder,2
Yakisoba Restaurant,2
Steelwork design company,2
Public male bathroom,2
Moving company,2
Industrial engineer,2
Convent,2
Pre gymnasium school,2
Real estate surveyor,2
Vegetable wholesale market,2
Auto chemistry shop,2
Ecuadorian restaurant,2
Height works,2
Staple food package,2
Stamp collectors club,2
Military barracks,2
Mfr,2
Lingerie wholesaler,2
Room,2
Stainless steel plant,2
Holding company,2
Correctional services department,2
Customs department,2
Psychoanalyst,2
Sanitary inspection,2
Scottish restaurant,2
Television tower,2
Filtration plant,2
Municipal administration office,2
CNG fittment center,2
Rescue squad,2
Smart dealer,2
Non smoking holiday home,2
Sukiyaki restaurant,2
Dried seafood store,2
Yeshiva,2
Chinese medicine,2
School lunch center,2
District council,2
Biochemistry lab,2
Oxygen cocktail spot,2
Juvenile court,2
Takoyaki restaurant,2
Boxing ring,2
Home hairdresser,2
Video,2
Surf spot,2
Plastic resin manufacturer,2
Feng shui shop,2
Plastic bags wholesaler,2
Boys' high school,2
Drilling equipment supplier,2
Homes,2
Leather goods wholesaler,2
District Justice,2
Truck farmer,2
Conservatory of music,2
Hammam,2
Cosplay cafe,2
BPO company,2
Inlet,2
Foreign exchange students organization,2
Pets,2
Haitian restaurant,2
Household chemicals supplier,2
Acrobatic diving pool,2
Sports coaching,2
Horseshoe smith,2
Shandong restaurant,2
Garden machinery supplier,2
Abbey,2
Rugby,2
Rugby club,2
Marine surveyor,2
Baggage claim,2
Ticketing area,2
Food products,2
Men's health physician,2
Priest,2
Farming,2
Hot bedstone spa,2
Microbiologist,2
Instruction,2
Parsi temple,2
Pet food and animal feeds,2
Country house,2
Sexologist,2
Padel club,2
Internet,1
Airport security checkpoint,1
Shared-use commercial kitchen,1
Decoration,1
Ferris wheel,1
Municipal corporation,1
Municipal Department Finance,1
Fencing salon,1
Delegated driver service,1
Felt boots store,1
Video equipment and services,1
Building society,1
Federal reserve bank,1
Co-ed school,1
Municipal Department Science Technology,1
Windows,1
Favela,1
Fault,1
Fashion design school,1
Lava field,1
Bungee jumping center,1
Doula,1
Municipal Department Social Defense,1
Kushiyaki restaurant,1
Sfiha restaurant,1
Department for Regional Development,1
Pet care service,1
Department of housing,1
Family planning counselor,1
Obanzai restaurant,1
Municipal health department,1
Faculty of science,1
Faculty of psychology,1
Road safety town,1
Waldorf kindergarten,1
Waldorf school,1
Walkway,1
Banner printing service,1
Cat trainer,1
Personal repair service,1
Aikido club,1
Buses,1
Cattle market,1
Music college,1
Business card design and printing service,1
Perfume exporter,1
Lingerie manufacturer,1
Server room,1
River confluence,1
Evening dress rental service,1
Pediatric pulmonologist,1
Seminar room,1
Water skiing club,1
Javanese restaurant,1
National health foundation,1
College of agriculture,1
Dietitian,1
Digital media,1
Pediatric clinic,1
Domestic services,1
Natural beauty spot,1
Basket supplier,1
Payphone,1
Coin operated locker,1
Seasonal lake,1
Seaport,1
Natural stone exporter,1
Rice cracker shop,1
Disabled sports center,1
City pillar shrine,1
Employment services,1
Judicial auction,1
Patent office,1
Aeronautical engineer,1
School dentist,1
Clothing manufacturer,1
Pan,1
Well,1
Stationery wholesaler,1
Steamboat restaurant,1
Stationery manufacturer,1
State social development,1
Public housing,1
High court,1
Beverage supplier,1
Heritage preservation,1
Mausoleum builder,1
Hepatologist,1
Wellness,1
State Department Agricultural Development,1
Helpline,1
State archive,1
Heating,1
Sea,1
Stringed instrument maker,1
Match box manufacturer,1
Health counselor,1
Chinese language instructor,1
Staffing agency,1
Electrical,1
Cosmetics,1
Hawker stall,1
Stadium seating area,1
Sugar factory,1
Medical book store,1
Summer toboggan run,1
Sundanese restaurant,1
Hardware training institute,1
Public transportation system,1
Public webcam,1
Supreme court,1
Home and construction,1
Markmens clubhouse,1
Dutch restaurant,1
Dune,1
Calligraphy lesson,1
Handicraft museum,1
Knitwear manufacturer,1
Professional association,1
Market operator,1
Meeting point,1
Costa Rican restaurant,1
Justice of the peace,1
Hakka restaurant,1
Memorial,1
Horse carriage station,1
Canoe and kayak club,1
Horsestable studfarm,1
Gyudon restaurant,1
Party,1
Wind turbine builder,1
Children hall,1
Table,1
DS Automobiles dealer,1
Leather exporter,1
Host club,1
Taekwondo competition area,1
Cotton supplier,1
Mercantile development,1
Conservative club,1
Print services,1
Court executive officer,1
Grassy area,1
Hotel management school,1
Tatami store,1
Aboriginal art gallery,1
Government college,1
Parochial school,1
Metallurgy company,1
Southwest France restaurant,1
Creche,1
Parking Souterrain,1
Army,1
Automotive,1
Housing,1
Norwegian restaurant,1
Precision engineer,1
Goan restaurant,1
Electronics industry,1
Prawn fishing,1
Orphanage,1
Glassware wholesaler,1
Novelties wholesaler,1
Womens protection service,1
Residential college,1
Cricket shop,1
Auto part and accessory manufacturer,1
Research engineer,1
Metal services,1
Housing utility company,1
Manor house,1
Management school,1
Tempura donburi restaurant,1
Pottery,1
Tenant ownership,1
Tenant's union,1
Tennis,1
Electronics device,1
Hydraulic engineer,1
Hygiene articles wholesaler,1
Criminal court,1
Car care,1
Chettinad restaurant,1
Coffee,1
Geriatrician,1
Textile engineer,1
Knife manufacturing,1
Textile mill,1
Nursery,1
Ice,1
Architects association,1
Oldsmobile dealer,1
Books,1
Thermal baths,1
Threads and yarns wholesaler,1
Cardiovascular and thoracic surgeon,1
Archipelago,1
Machinery,1
Machine knife supplier,1
Ice hockey club,1
Social Impact Investor,1
Croquet club,1
Tire,1
Genealogist,1
Archery hall,1
Windmill,1
Inclined railway station,1
Gazebo,1
Economic consultant,1
Karaoke equipment rental service,1
Snack vending machine,1
Military airport,1
Badminton complex,1
Military archive,1
Pool academy,1
Organ donation and tissue bank,1
Toolroom,1
Smoking room,1
Gasket manufacturer,1
Smoking area,1
Tourism,1
Capsule hotel,1
Gas,1
LPG conversion,1
Pony club,1
Pontiac dealer,1
Town,1
Apprenticeship center,1
Low emission zone,1
Toys,1
Computer rental agency,1
Game software,1
Traditional Kostume store,1
Traffic officer,1
Legally defined lodging,1
Furrier,1
Furniture piece,1
Nursing association,1
Biotechnology engineer,1
Real estate rental,1
Mining consultant,1
Train repairing center,1
Fur manufacturer,1
X-ray equipment supplier,1
Fur coat shop,1
Ministry of Education,1
Transit platform group,1
Fugu restaurant,1
Miso cutlet restaurant,1
Chess and card club,1
Industrial supermarket,1
Rowing area,1
Animal watering hole,1
Playroom,1
Plateau,1
Plast window store,1
Rocky,1
Freestyle wrestling,1
Model car play area,1
Foreign trade consultant,1
Anago restaurant,1
Land reform institute,1
Insolvency service,1
Institute,1
Food production,1
Pipe manufacturer,1
Coalfield,1
Instrumentation engineer,1
Rugby league club,1
Monorail station,1
Typewriter supplier,1
Lobby,1
Kilt shop and hire,1
Food and beverage distributors,1
Legal affairs bureau,1
American football field,1
Land mass,1
United States Armed Forces Base,1
Chemical engineer,1
Motorcycle club,1
Chanko restaurant,1
Urban development corporation,1
Motorcycles,1
Floating market,1
Piano maker,1
Motorcycle training centre,1
Flamenco dance store,1
Flamenco,1
Aluminum frames supplier,1
Land allotment,1
Fishing,1
Alsace restaurant,1
Rectory,1
Mountaineering class,1
User-operated machine,1
Insurance school,1
Fire fighters academy,1
Fire extinguisher,1
Alcohol retail monopoly,1
Shochu brewery,1
Bangle Shop,1
Reenactment site,1
Circular distribution service,1
Interior fitting contractor,1
Citroen dealer,1
Scaffolder,1
Ceiling supplier,1
Learner driver training area,1
Multimedia and electronic book publisher,1
Building equipment hire service,1
Airport terminal,1
Philharmonic hall,1
Refugee camp,1
Regional council,1
Residential area,1
Sheepskin and wool products supplier,1
Ladder supplier,1
Pharmaceutical products wholesaler,1
