CPANAME,fips
"southeastern san diego,southeastern",060730025021
"southeastern san diego,southeastern",060730033011
"southeastern san diego,southeastern",060730033012
"southeastern san diego,southeastern",060730033031
"southeastern san diego,southeastern",060730033032
"southeastern san diego,southeastern",060730033041
"southeastern san diego,southeastern",060730033051
"southeastern san diego,southeastern",060730033052
"southeastern san diego,southeastern",060730033053
"southeastern san diego,southeastern",060730034031
"southeastern san diego,southeastern",060730034032
"southeastern san diego,southeastern",060730034033
"southeastern san diego,southeastern",060730034042
"southeastern san diego,southeastern",060730035011
"southeastern san diego,southeastern",060730035012
"southeastern san diego,southeastern",060730035013
"southeastern san diego,southeastern",060730035021
"southeastern san diego,southeastern",060730035022
"southeastern san diego,southeastern",060730035023
"southeastern san diego,southeastern",060730036011
"southeastern san diego,southeastern",060730036021
"southeastern san diego,southeastern",060730036022
"southeastern san diego,southeastern",060730036031
"southeastern san diego,southeastern",060730036032
"southeastern san diego,southeastern",060730036033
"southeastern san diego,southeastern",060730038001
"southeastern san diego,southeastern",060730039011
"southeastern san diego,southeastern",060730039012
"southeastern san diego,southeastern",060730039013
"southeastern san diego,southeastern",060730039021
"southeastern san diego,southeastern",060730039022
"southeastern san diego,southeastern",060730039023
"southeastern san diego,southeastern",060730039024
"southeastern san diego,southeastern",060730040001
"southeastern san diego,southeastern",060730040002
"southeastern san diego,southeastern",060730040003
"southeastern san diego,southeastern",060730040004
"southeastern san diego,southeastern",060730046002
"southeastern san diego,southeastern",060730047001
"southeastern san diego,southeastern",060730047002
"southeastern san diego,southeastern",060730048001
"southeastern san diego,southeastern",060730048002
"southeastern san diego,southeastern",060730048003
"southeastern san diego,southeastern",060730049001
"southeastern san diego,southeastern",060730049002
"southeastern san diego,southeastern",060730049003
"southeastern san diego,southeastern",060730050001
"southeastern san diego,southeastern",060730034043
"southeastern san diego,southeastern",060730036012
"southeastern san diego,southeastern",060730041013
"southeastern san diego,southeastern",060730041021
"southeastern san diego,southeastern",060730118013
"southeastern san diego,southeastern",060730118023
"southeastern san diego,southeastern",060730119023
"southeastern san diego,southeastern",060730118024
"southeastern san diego,southeastern",060730219002
military facilities,060730036032
military facilities,060730038001
military facilities,060730039023
military facilities,060730050001
military facilities,060730036012
military facilities,060730219002
otay mesa-nestor,060730100011
otay mesa-nestor,060730100012
otay mesa-nestor,060730100031
otay mesa-nestor,060730100032
otay mesa-nestor,060730100033
otay mesa-nestor,060730100034
otay mesa-nestor,060730100041
otay mesa-nestor,060730100042
otay mesa-nestor,060730100053
otay mesa-nestor,060730100054
otay mesa-nestor,060730100091
otay mesa-nestor,060730100101
otay mesa-nestor,060730100102
otay mesa-nestor,060730100103
otay mesa-nestor,060730100111
otay mesa-nestor,060730100112
otay mesa-nestor,060730101031
otay mesa-nestor,060730101032
otay mesa-nestor,060730101033
otay mesa-nestor,060730101041
otay mesa-nestor,060730101042
otay mesa-nestor,060730101061
otay mesa-nestor,060730101062
otay mesa-nestor,060730101063
otay mesa-nestor,060730101071
otay mesa-nestor,060730101072
otay mesa-nestor,060730101073
otay mesa-nestor,060730101074
otay mesa-nestor,060730101091
otay mesa-nestor,060730101092
otay mesa-nestor,060730101101
otay mesa-nestor,060730101102
otay mesa-nestor,060730101103
otay mesa-nestor,060730101104
otay mesa-nestor,060730101105
otay mesa-nestor,060730101111
otay mesa-nestor,060730101112
otay mesa-nestor,060730101121
otay mesa-nestor,060730101122
otay mesa-nestor,060730104011
otay mesa-nestor,060730104021
otay mesa-nestor,060730104023
otay mesa-nestor,060730105021
otay mesa-nestor,060730105022
otay mesa-nestor,060730105024
otay mesa-nestor,060730106012
otay mesa-nestor,060730131031
otay mesa-nestor,060730132051
otay mesa-nestor,060730132061
otay mesa-nestor,060730133081
otay mesa-nestor,060730133082
otay mesa-nestor,060730100191
otay mesa-nestor,060730100192
otay mesa-nestor,060730101123
otay mesa-nestor,060730102011
otay mesa-nestor,060730133173
otay mesa,060730100012
otay mesa,060730100031
otay mesa,060730100041
otay mesa,060730100051
otay mesa,060730100151
otay mesa,060730100152
otay mesa,060730100161
otay mesa,060730100171
otay mesa,060730100172
otay mesa,060730100181
otay mesa,060730100182
otay mesa,060730100183
otay mesa,060730100191
otay mesa,060730100192
san ysidro,060730100041
san ysidro,060730100042
san ysidro,060730100051
san ysidro,060730100052
san ysidro,060730100053
san ysidro,060730100054
san ysidro,060730100091
san ysidro,060730100092
san ysidro,060730100093
san ysidro,060730100094
san ysidro,060730100121
san ysidro,060730100122
san ysidro,060730100123
san ysidro,060730100131
san ysidro,060730100132
san ysidro,060730100151
san ysidro,060730101063
san ysidro,060730101091
san ysidro,060730101092
san ysidro,060730101111
san ysidro,060730101112
san ysidro,060730100133
san ysidro,060730100134
san ysidro,060730100152
tijuana river valley,060730100091
tijuana river valley,060730100093
tijuana river valley,060730100094
tijuana river valley,060730101041
tijuana river valley,060730101091
tijuana river valley,060730101092
tijuana river valley,060730101105
tijuana river valley,060730102011
mission valley,060730001001
mission valley,060730002011
mission valley,060730004002
mission valley,060730005001
mission valley,060730005002
mission valley,060730006002
mission valley,060730010001
mission valley,060730011001
mission valley,060730019001
mission valley,060730019002
mission valley,060730020012
mission valley,060730004004
mission valley,060730065002
mission valley,060730087022
mission valley,060730088003
mission valley,060730089013
mission valley,060730089021
mission valley,060730089022
mission valley,060730091071
mission valley,060730091072
mission valley,060730093053
mission valley,060730093061
mission valley,060730091073
mission valley,060730091081
mission valley,060730092031
mission valley,060730092032
mission valley,060730092042
mission valley,060730093054
mission valley,060730093055
mission valley,060730093064
mission valley,060730095092
mission valley,060730096031
mission valley,060730096032
mission valley,060730096033
mission valley,060730096034
mission valley,060730093071
mission valley,060730093072
mission valley,060730093073
mission valley,060730093074
mission valley,060730093081
mission valley,060730093082
mission valley,060730093083
mission valley,060730095093
old town san diego,060730001002
old town san diego,060730065001
old town san diego,060730065002
old town san diego,060730065003
old town san diego,060730089021
midway-pacific highway,060730061001
midway-pacific highway,060730061002
midway-pacific highway,060730062001
midway-pacific highway,060730063001
midway-pacific highway,060730065001
midway-pacific highway,060730065002
midway-pacific highway,060730065003
midway-pacific highway,060730066001
midway-pacific highway,060730068011
midway-pacific highway,060730068021
midway-pacific highway,060730068022
midway-pacific highway,060730069001
midway-pacific highway,060730089021
midway-pacific highway,060730058011
midway-pacific highway,060730058012
midway-pacific highway,060730058021
midway-pacific highway,060730066002
midway-pacific highway,060730076011
midway-pacific highway,060730214013
mid-city:city heights,060730016001
mid-city:city heights,060730016002
mid-city:city heights,060730016003
mid-city:city heights,060730017001
mid-city:city heights,060730017002
mid-city:city heights,060730017003
mid-city:city heights,060730021002
mid-city:city heights,060730021003
mid-city:city heights,060730021004
mid-city:city heights,060730021005
mid-city:city heights,060730022011
mid-city:city heights,060730022012
mid-city:city heights,060730022021
mid-city:city heights,060730022022
mid-city:city heights,060730022023
mid-city:city heights,060730023011
mid-city:city heights,060730023012
mid-city:city heights,060730023013
mid-city:city heights,060730023021
mid-city:city heights,060730023022
mid-city:city heights,060730023023
mid-city:city heights,060730024011
mid-city:city heights,060730024012
mid-city:city heights,060730024013
mid-city:city heights,060730024021
mid-city:city heights,060730024022
mid-city:city heights,060730025011
mid-city:city heights,060730025012
mid-city:city heights,060730025013
mid-city:city heights,060730025021
mid-city:city heights,060730025022
mid-city:city heights,060730025023
mid-city:city heights,060730026011
mid-city:city heights,060730026012
mid-city:city heights,060730026013
mid-city:city heights,060730026021
mid-city:city heights,060730026022
mid-city:city heights,060730026023
mid-city:city heights,060730027023
mid-city:city heights,060730027033
mid-city:city heights,060730027052
mid-city:city heights,060730027071
mid-city:city heights,060730027072
mid-city:city heights,060730027073
mid-city:city heights,060730027074
mid-city:city heights,060730027081
mid-city:city heights,060730027082
mid-city:city heights,060730027083
mid-city:city heights,060730027084
mid-city:city heights,060730027091
mid-city:city heights,060730027092
mid-city:city heights,060730027101
mid-city:city heights,060730027102
mid-city:city heights,060730028031
mid-city:city heights,060730024023
mid-city:city heights,060730025024
mid-city:city heights,060730026014
mid-city:city heights,060730027103
mid-city:city heights,060730034011
mid-city:city heights,060730034012
mid-city:city heights,060730034013
mid-city:city heights,060730034014
mid-city:city heights,060730034031
mid-city:city heights,060730034041
mid-city:city heights,060730034042
mid-city:city heights,060730042001
mid-city:city heights,060730041013
"encanto neighborhoods,southeastern",060730030011
"encanto neighborhoods,southeastern",060730030012
"encanto neighborhoods,southeastern",060730030013
"encanto neighborhoods,southeastern",060730030031
"encanto neighborhoods,southeastern",060730030032
"encanto neighborhoods,southeastern",060730030033
"encanto neighborhoods,southeastern",060730030041
"encanto neighborhoods,southeastern",060730030042
"encanto neighborhoods,southeastern",060730031011
"encanto neighborhoods,southeastern",060730031012
"encanto neighborhoods,southeastern",060730031013
"encanto neighborhoods,southeastern",060730031032
"encanto neighborhoods,southeastern",060730031093
"encanto neighborhoods,southeastern",060730031111
"encanto neighborhoods,southeastern",060730031112
"encanto neighborhoods,southeastern",060730031113
"encanto neighborhoods,southeastern",060730031121
"encanto neighborhoods,southeastern",060730031122
"encanto neighborhoods,southeastern",060730031131
"encanto neighborhoods,southeastern",060730031132
"encanto neighborhoods,southeastern",060730031142
"encanto neighborhoods,southeastern",060730030034
"encanto neighborhoods,southeastern",060730031123
"encanto neighborhoods,southeastern",060730033041
"encanto neighborhoods,southeastern",060730033042
"encanto neighborhoods,southeastern",060730033051
"encanto neighborhoods,southeastern",060730033052
"encanto neighborhoods,southeastern",060730033053
"encanto neighborhoods,southeastern",060730034041
"encanto neighborhoods,southeastern",060730034042
"encanto neighborhoods,southeastern",060730034043
"encanto neighborhoods,southeastern",060730119021
"encanto neighborhoods,southeastern",060730119022
"encanto neighborhoods,southeastern",060730119023
"encanto neighborhoods,southeastern",060730119024
"encanto neighborhoods,southeastern",060730141021
"encanto neighborhoods,southeastern",060730142001
"encanto neighborhoods,southeastern",060730142003
skyline-paradise hills,060730031031
skyline-paradise hills,060730031032
skyline-paradise hills,060730031033
skyline-paradise hills,060730031051
skyline-paradise hills,060730031052
skyline-paradise hills,060730031071
skyline-paradise hills,060730031072
skyline-paradise hills,060730031073
skyline-paradise hills,060730031081
skyline-paradise hills,060730031082
skyline-paradise hills,060730031091
skyline-paradise hills,060730031092
skyline-paradise hills,060730031093
skyline-paradise hills,060730031121
skyline-paradise hills,060730031131
skyline-paradise hills,060730031132
skyline-paradise hills,060730031141
skyline-paradise hills,060730031142
skyline-paradise hills,060730031151
skyline-paradise hills,060730031152
skyline-paradise hills,060730031153
skyline-paradise hills,060730031154
skyline-paradise hills,060730032011
skyline-paradise hills,060730032012
skyline-paradise hills,060730032013
skyline-paradise hills,060730032021
skyline-paradise hills,060730032014
skyline-paradise hills,060730032022
skyline-paradise hills,060730032042
skyline-paradise hills,060730032071
skyline-paradise hills,060730032072
skyline-paradise hills,060730032081
skyline-paradise hills,060730032082
skyline-paradise hills,060730032083
skyline-paradise hills,060730032084
skyline-paradise hills,060730032085
skyline-paradise hills,060730032091
skyline-paradise hills,060730032092
skyline-paradise hills,060730032093
skyline-paradise hills,060730032111
skyline-paradise hills,060730032112
skyline-paradise hills,060730032121
skyline-paradise hills,060730032122
skyline-paradise hills,060730032131
skyline-paradise hills,060730032132
skyline-paradise hills,060730032141
skyline-paradise hills,060730032143
skyline-paradise hills,060730120031
skyline-paradise hills,060730120032
skyline-paradise hills,060730121022
skyline-paradise hills,060730122002
skyline-paradise hills,060730141012
skyline-paradise hills,060730141021
skyline-paradise hills,060730141022
rancho bernardo,060730170062
rancho bernardo,060730170141
rancho bernardo,060730170142
rancho bernardo,060730170202
rancho bernardo,060730170311
rancho bernardo,060730170312
rancho bernardo,060730170313
rancho bernardo,060730170333
rancho bernardo,060730170341
rancho bernardo,060730170501
rancho bernardo,060730170511
rancho bernardo,060730170512
rancho bernardo,060730170513
rancho bernardo,060730170521
rancho bernardo,060730170522
rancho bernardo,060730170523
rancho bernardo,060730170561
rancho bernardo,060730170063
rancho bernardo,060730170524
rancho bernardo,060730170571
rancho bernardo,060730170572
rancho bernardo,060730170573
rancho bernardo,060730170581
rancho bernardo,060730170582
rancho bernardo,060730170583
rancho bernardo,060730170591
rancho bernardo,060730170592
rancho bernardo,060730170601
rancho bernardo,060730170602
rancho bernardo,060730170631
rancho bernardo,060730170632
rancho bernardo,060730170633
rancho bernardo,060730170662
rancho bernardo,060730170691
rancho bernardo,060730170711
rancho bernardo,060730170712
rancho bernardo,060730207101
mira mesa,060730083391
mira mesa,060730083461
mira mesa,060730083462
mira mesa,060730083471
mira mesa,060730083472
mira mesa,060730083473
mira mesa,060730083474
mira mesa,060730083481
mira mesa,060730083482
mira mesa,060730083483
mira mesa,060730083491
mira mesa,060730083492
mira mesa,060730083501
mira mesa,060730083502
mira mesa,060730083503
mira mesa,060730083504
mira mesa,060730083511
mira mesa,060730083512
mira mesa,060730083513
mira mesa,060730083514
mira mesa,060730083521
mira mesa,060730083522
mira mesa,060730083523
mira mesa,060730083531
mira mesa,060730083532
mira mesa,060730083533
mira mesa,060730083551
mira mesa,060730083552
mira mesa,060730083561
mira mesa,060730083562
mira mesa,060730083571
mira mesa,060730083572
mira mesa,060730083573
mira mesa,060730083581
mira mesa,060730083582
mira mesa,060730083583
mira mesa,060730083584
mira mesa,060730083591
mira mesa,060730083592
mira mesa,060730083601
mira mesa,060730083602
mira mesa,060730083603
mira mesa,060730083652
mira mesa,060730083463
mira mesa,060730083475
mira mesa,060730083721
mira mesa,060730083801
mira mesa,060730083802
mira mesa,060730083803
mira mesa,060730083811
mira mesa,060730083812
mira mesa,060730094001
mira mesa,060730170225
mira mesa,060730170226
mira mesa,060730170373
mira mesa,060730170432
mira mesa,060730170433
mira mesa,060730170682
uptown,060730001001
uptown,060730001002
uptown,060730002011
uptown,060730002021
uptown,060730002022
uptown,060730002023
uptown,060730004001
uptown,060730004002
uptown,060730004003
uptown,060730005001
uptown,060730005002
uptown,060730005003
uptown,060730006001
uptown,060730006002
uptown,060730006003
uptown,060730007001
uptown,060730007002
uptown,060730007003
uptown,060730008004
uptown,060730010001
uptown,060730010003
uptown,060730010004
uptown,060730002012
uptown,060730002024
uptown,060730003011
uptown,060730003012
uptown,060730003013
uptown,060730003021
uptown,060730003022
uptown,060730004004
uptown,060730009021
uptown,060730009022
uptown,060730057001
uptown,060730057002
uptown,060730059001
uptown,060730059002
uptown,060730059003
uptown,060730060001
uptown,060730060002
uptown,060730060003
uptown,060730061001
uptown,060730061002
uptown,060730065002
uptown,060730065003
uptown,060730089021
uptown,060730056011
uptown,060730056022
uptown,060730058012
uptown,060730093071
uptown,060730093074
tierrasanta,060730093064
tierrasanta,060730094001
tierrasanta,060730095021
tierrasanta,060730095022
tierrasanta,060730095051
tierrasanta,060730095052
tierrasanta,060730095053
tierrasanta,060730095054
tierrasanta,060730095061
tierrasanta,060730095062
tierrasanta,060730095071
tierrasanta,060730095072
tierrasanta,060730095073
tierrasanta,060730095091
tierrasanta,060730095092
tierrasanta,060730095101
tierrasanta,060730095102
tierrasanta,060730095103
tierrasanta,060730095111
tierrasanta,060730095112
tierrasanta,060730096031
tierrasanta,060730096032
tierrasanta,060730095044
tierrasanta,060730095093
tierrasanta,060730166061
torrey hills,060730083391
torrey hills,060730083711
torrey hills,060730083712
torrey hills,060730083721
torrey hills,060730083731
torrey hills,060730083732
torrey hills,060730083741
serra mesa,060730087021
serra mesa,060730087022
serra mesa,060730087023
serra mesa,060730092011
serra mesa,060730092012
serra mesa,060730092013
serra mesa,060730092014
serra mesa,060730093011
serra mesa,060730093012
serra mesa,060730093013
serra mesa,060730093014
serra mesa,060730093051
serra mesa,060730093052
serra mesa,060730093061
serra mesa,060730093062
serra mesa,060730093063
serra mesa,060730085113
serra mesa,060730092031
serra mesa,060730092032
serra mesa,060730092041
serra mesa,060730092042
serra mesa,060730093055
military facilities,060730083451
military facilities,060730083501
military facilities,060730083602
military facilities,060730085111
military facilities,060730094001
military facilities,060730095021
military facilities,060730095041
military facilities,060730095042
military facilities,060730095051
military facilities,060730095052
military facilities,060730095043
military facilities,060730095044
military facilities,060730169011
military facilities,060730166211
barrio logan,060730038001
barrio logan,060730039023
barrio logan,060730047002
barrio logan,060730049002
barrio logan,060730049003
barrio logan,060730050001
barrio logan,060730036012
barrio logan,060730051031
barrio logan,060730051032
san pasqual,060730170203
san pasqual,060730170581
san pasqual,060730170602
san pasqual,060730170662
san pasqual,060730171111
san pasqual,060730204011
san pasqual,060730204012
san pasqual,060730207061
san pasqual,060730207062
san pasqual,060730207081
san pasqual,060730207101
san pasqual,060730208012
san pasqual,060730208071
san pasqual,060730207111
rancho penasquitos,060730083361
rancho penasquitos,060730083362
rancho penasquitos,060730083371
rancho penasquitos,060730083372
rancho penasquitos,060730083373
rancho penasquitos,060730083651
rancho penasquitos,060730083652
rancho penasquitos,060730083661
rancho penasquitos,060730083662
rancho penasquitos,060730083663
rancho penasquitos,060730083681
rancho penasquitos,060730083682
rancho penasquitos,060730083683
rancho penasquitos,060730083684
rancho penasquitos,060730083721
rancho penasquitos,060730170181
rancho penasquitos,060730170182
rancho penasquitos,060730170331
rancho penasquitos,060730170332
rancho penasquitos,060730170333
rancho penasquitos,060730170341
rancho penasquitos,060730170342
rancho penasquitos,060730170343
rancho penasquitos,060730170351
rancho penasquitos,060730170352
rancho penasquitos,060730170353
rancho penasquitos,060730170361
rancho penasquitos,060730170362
rancho penasquitos,060730170363
rancho penasquitos,060730170371
rancho penasquitos,060730170372
rancho penasquitos,060730170373
rancho penasquitos,060730170374
rancho penasquitos,060730170561
rancho penasquitos,060730170394
rancho penasquitos,060730170611
rancho penasquitos,060730170682
rancho penasquitos,060730215022
los penasquitos canyon,060730083391
los penasquitos canyon,060730083461
los penasquitos canyon,060730083462
los penasquitos canyon,060730083532
los penasquitos canyon,060730083652
los penasquitos canyon,060730083463
los penasquitos canyon,060730083712
los penasquitos canyon,060730083721
los penasquitos canyon,060730083722
los penasquitos canyon,060730083802
los penasquitos canyon,060730170373
los penasquitos canyon,060730170682
carmel valley,060730083271
carmel valley,060730083272
carmel valley,060730083273
carmel valley,060730083301
carmel valley,060730083302
carmel valley,060730083311
carmel valley,060730083282
carmel valley,060730083303
carmel valley,060730083691
carmel valley,060730083692
carmel valley,060730083701
carmel valley,060730083702
carmel valley,060730083721
carmel valley,060730083722
carmel valley,060730083731
carmel valley,060730083732
carmel valley,060730083741
carmel valley,060730083742
carmel valley,060730215011
carmel valley,060730215012
carmel valley,060730215013
carmel valley,060730215021
carmel valley,060730215022
carmel valley,060730215023
kearny mesa,060730083451
kearny mesa,060730085051
kearny mesa,060730085071
kearny mesa,060730085091
kearny mesa,060730085103
kearny mesa,060730085111
kearny mesa,060730087012
kearny mesa,060730087023
kearny mesa,060730092011
kearny mesa,060730092012
kearny mesa,060730093013
kearny mesa,060730093061
kearny mesa,060730085112
kearny mesa,060730085113
kearny mesa,060730093064
kearny mesa,060730094001
kearny mesa,060730095021
kearny mesa,060730095022
kearny mesa,060730095092
kearny mesa,060730095102
kearny mesa,060730095112
kearny mesa,060730093072
linda vista,060730085101
linda vista,060730085103
linda vista,060730085104
linda vista,060730085131
linda vista,060730086001
linda vista,060730086002
linda vista,060730086003
linda vista,060730086004
linda vista,060730087011
linda vista,060730087012
linda vista,060730087021
linda vista,060730087022
linda vista,060730087023
linda vista,060730088001
linda vista,060730088002
linda vista,060730088003
linda vista,060730088004
linda vista,060730089011
linda vista,060730089012
linda vista,060730089013
linda vista,060730089021
linda vista,060730089022
linda vista,060730090001
linda vista,060730090002
linda vista,060730091031
linda vista,060730091042
linda vista,060730091071
linda vista,060730091072
linda vista,060730091073
linda vista,060730091074
linda vista,060730091081
linda vista,060730091082
linda vista,060730091091
mid-city:kensington-talmadge,060730019002
mid-city:kensington-talmadge,060730020011
mid-city:kensington-talmadge,060730020012
mid-city:kensington-talmadge,060730020013
mid-city:kensington-talmadge,060730020021
mid-city:kensington-talmadge,060730020022
mid-city:kensington-talmadge,060730021001
mid-city:kensington-talmadge,060730021002
mid-city:kensington-talmadge,060730021003
mid-city:kensington-talmadge,060730022021
mid-city:kensington-talmadge,060730022022
mid-city:kensington-talmadge,060730022023
mid-city:kensington-talmadge,060730023011
mid-city:kensington-talmadge,060730023012
mid-city:kensington-talmadge,060730023013
mid-city:kensington-talmadge,060730023021
mid-city:kensington-talmadge,060730027071
mid-city:kensington-talmadge,060730027072
mid-city:kensington-talmadge,060730027081
mid-city:kensington-talmadge,060730027083
mid-city:kensington-talmadge,060730027084
mid-city:kensington-talmadge,060730028031
mid-city:kensington-talmadge,060730028032
mid-city:kensington-talmadge,060730028033
mid-city:kensington-talmadge,060730018011
mid-city:normal heights,060730016001
mid-city:normal heights,060730016002
mid-city:normal heights,060730016003
mid-city:normal heights,060730017001
mid-city:normal heights,060730017002
mid-city:normal heights,060730017003
mid-city:normal heights,060730017004
mid-city:normal heights,060730019001
mid-city:normal heights,060730019002
mid-city:normal heights,060730019003
mid-city:normal heights,060730020012
mid-city:normal heights,060730021001
mid-city:normal heights,060730021003
mid-city:normal heights,060730021004
mid-city:normal heights,060730021005
mid-city:normal heights,060730022011
mid-city:normal heights,060730022012
mid-city:normal heights,060730022023
mid-city:normal heights,060730018011
mid-city:normal heights,060730018012
mid-city:normal heights,060730018021
mid-city:normal heights,060730018022
mid-city:normal heights,060730018023
mid-city:normal heights,060730018024
mid-city:normal heights,060730093072
greater north park,060730005001
greater north park,060730005002
greater north park,060730005003
greater north park,060730006001
greater north park,060730006003
greater north park,060730007002
greater north park,060730007003
greater north park,060730008001
greater north park,060730008002
greater north park,060730008003
greater north park,060730008004
greater north park,060730010001
greater north park,060730010002
greater north park,060730010003
greater north park,060730010004
greater north park,060730011001
greater north park,060730011002
greater north park,060730011003
greater north park,060730014001
greater north park,060730014002
greater north park,060730014003
greater north park,060730015001
greater north park,060730015002
greater north park,060730015003
greater north park,060730015004
greater north park,060730016003
greater north park,060730016004
greater north park,060730017003
greater north park,060730017004
greater north park,060730019001
greater north park,060730024013
greater north park,060730025011
greater north park,060730025012
greater north park,060730025021
greater north park,060730008005
greater north park,060730009011
greater north park,060730009012
greater north park,060730009013
greater north park,060730009021
greater north park,060730009022
greater north park,060730009023
greater north park,060730012011
greater north park,060730012012
greater north park,060730012021
greater north park,060730012022
greater north park,060730013011
greater north park,060730013012
greater north park,060730013021
greater north park,060730013022
greater north park,060730013023
greater north park,060730018022
greater north park,060730042001
greater north park,060730042002
greater north park,060730042003
greater north park,060730042004
greater north park,060730043001
greater north park,060730043002
greater north park,060730043003
greater north park,060730044002
greater north park,060730044003
greater north park,060730056022
military facilities,060730062001
military facilities,060730063001
military facilities,060730065001
military facilities,060730065003
military facilities,060730066001
military facilities,060730066002
military facilities,060730214013
balboa park,060730007003
balboa park,060730008003
balboa park,060730014002
balboa park,060730043001
balboa park,060730043003
balboa park,060730046001
balboa park,060730055001
balboa park,060730057001
balboa park,060730059001
balboa park,060730060001
balboa park,060730060002
balboa park,060730060003
balboa park,060730056011
balboa park,060730056022
reserve,060730061002
reserve,060730062001
reserve,060730063001
reserve,060730065003
reserve,060730058021
reserve,060730214013
downtown,060730046002
downtown,060730047001
downtown,060730047002
downtown,060730049003
downtown,060730059003
downtown,060730061002
downtown,060730062001
downtown,060730051011
downtown,060730051012
downtown,060730051021
downtown,060730051022
downtown,060730051023
downtown,060730051031
downtown,060730051032
downtown,060730052011
downtown,060730052012
downtown,060730052021
downtown,060730052022
downtown,060730052023
downtown,060730053011
downtown,060730053012
downtown,060730053013
downtown,060730053021
downtown,060730053022
downtown,060730054011
downtown,060730054012
downtown,060730054021
downtown,060730054022
downtown,060730054023
downtown,060730054031
downtown,060730054032
downtown,060730056011
downtown,060730056012
downtown,060730056021
downtown,060730056022
downtown,060730058011
downtown,060730058012
downtown,060730058021
downtown,060730058022
downtown,060730099021
torrey pines,060730083121
torrey pines,060730083241
torrey pines,060730083242
torrey pines,060730083243
torrey pines,060730083244
torrey pines,060730083273
torrey pines,060730083391
torrey pines,060730083462
torrey pines,060730083501
torrey pines,060730083245
torrey pines,060730083692
torrey pines,060730083712
torrey pines,060730083732
torrey pines,060730173061
torrey pines,060730172011
torrey pines,060730172021
torrey pines,060730172022
torrey pines,060730173081
torrey highlands,060730083373
torrey highlands,060730083661
torrey highlands,060730083663
torrey highlands,060730083671
torrey highlands,060730083672
torrey highlands,060730083683
torrey highlands,060730083684
torrey highlands,060730170611
torrey highlands,060730170621
torrey highlands,060730215021
torrey highlands,060730215022
pacific highlands ranch,060730083272
pacific highlands ranch,060730083273
pacific highlands ranch,060730083281
pacific highlands ranch,060730083282
pacific highlands ranch,060730083672
pacific highlands ranch,060730170621
pacific highlands ranch,060730215011
pacific highlands ranch,060730215021
pacific highlands ranch,060730215022
pacific highlands ranch,060730215023
del mar mesa,060730083652
del mar mesa,060730083661
del mar mesa,060730083663
del mar mesa,060730083721
del mar mesa,060730083722
del mar mesa,060730215022
del mar mesa,060730215023
rancho encantada,060730095041
rancho encantada,060730095044
rancho encantada,060730169011
rancho encantada,060730170101
rancho encantada,060730170451
rancho encantada,060730170492
scripps miramar ranch,060730094001
scripps miramar ranch,060730095041
scripps miramar ranch,060730095042
scripps miramar ranch,060730095043
scripps miramar ranch,060730095044
scripps miramar ranch,060730170221
scripps miramar ranch,060730170222
scripps miramar ranch,060730170223
scripps miramar ranch,060730170224
scripps miramar ranch,060730170225
scripps miramar ranch,060730170226
scripps miramar ranch,060730170432
scripps miramar ranch,060730170442
scripps miramar ranch,060730170451
scripps miramar ranch,060730170461
scripps miramar ranch,060730170462
scripps miramar ranch,060730170471
scripps miramar ranch,060730170472
scripps miramar ranch,060730170473
scripps miramar ranch,060730170492
scripps miramar ranch,060730170433
scripps miramar ranch,060730170443
scripps miramar ranch,060730170444
scripps miramar ranch,060730170672
scripps miramar ranch,060730170682
university,060730083051
university,060730083052
university,060730083061
university,060730083062
university,060730083063
university,060730083071
university,060730083072
university,060730083073
university,060730083121
university,060730083123
university,060730083131
university,060730083132
university,060730083391
university,060730083431
university,060730083432
university,060730083433
university,060730083441
university,060730083442
university,060730083451
university,060730083452
university,060730083453
university,060730083501
university,060730083611
university,060730083612
university,060730083621
university,060730083622
university,060730083623
university,060730083631
university,060730083632
university,060730083633
university,060730083641
university,060730083642
university,060730083643
university,060730085012
university,060730085021
university,060730083634
university,060730083644
university,060730083751
university,060730083752
university,060730083753
university,060730083761
university,060730083762
university,060730083763
university,060730083764
university,060730083771
university,060730083772
university,060730083781
university,060730083782
university,060730083791
university,060730083792
university,060730083793
university,060730094001
reserve,060730094001
reserve,060730095043
reserve,060730095044
greater golden hill,060730025021
greater golden hill,060730042001
greater golden hill,060730042003
greater golden hill,060730042004
greater golden hill,060730043002
greater golden hill,060730043003
greater golden hill,060730044001
greater golden hill,060730044002
greater golden hill,060730044003
greater golden hill,060730044004
greater golden hill,060730045011
greater golden hill,060730045012
greater golden hill,060730045013
greater golden hill,060730046001
greater golden hill,060730046002
greater golden hill,060730041011
greater golden hill,060730041012
greater golden hill,060730041013
greater golden hill,060730041021
greater golden hill,060730052011
greater golden hill,060730056022
black mountain ranch,060730083681
black mountain ranch,060730083683
black mountain ranch,060730170333
black mountain ranch,060730170341
black mountain ranch,060730170611
black mountain ranch,060730170612
black mountain ranch,060730170621
black mountain ranch,060730170622
black mountain ranch,060730170641
black mountain ranch,060730170651
black mountain ranch,060730170652
black mountain ranch,060730170661
black mountain ranch,060730170662
black mountain ranch,060730170701
black mountain ranch,060730170702
black mountain ranch,060730170703
carmel mountain ranch,060730170391
carmel mountain ranch,060730170392
carmel mountain ranch,060730170501
carmel mountain ranch,060730170502
carmel mountain ranch,060730170511
carmel mountain ranch,060730170522
carmel mountain ranch,060730170551
carmel mountain ranch,060730170552
carmel mountain ranch,060730170553
carmel mountain ranch,060730170561
carmel mountain ranch,060730170562
carmel mountain ranch,060730170394
carmel mountain ranch,060730170395
carmel mountain ranch,060730170524
via de la valle,060730083273
via de la valle,060730173061
via de la valle,060730173062
fairbanks ranch country club,060730083273
fairbanks ranch country club,060730083282
fairbanks ranch country club,060730171061
fairbanks ranch country club,060730170612
fairbanks ranch country club,060730170621
reserve,060730171061
reserve,060730173062
reserve,060730170612
ncfua subarea ii,060730083272
ncfua subarea ii,060730083273
ncfua subarea ii,060730083282
ncfua subarea ii,060730171061
ncfua subarea ii,060730173061
ncfua subarea ii,060730173062
ncfua subarea ii,060730170612
reserve,060730083273
reserve,060730173061
la jolla,060730080033
la jolla,060730080061
la jolla,060730080062
la jolla,060730080063
la jolla,060730081011
la jolla,060730081012
la jolla,060730081013
la jolla,060730081014
la jolla,060730081015
la jolla,060730081021
la jolla,060730081022
la jolla,060730081023
la jolla,060730083011
la jolla,060730083012
la jolla,060730083013
la jolla,060730083031
la jolla,060730083032
la jolla,060730083033
la jolla,060730083051
la jolla,060730083063
la jolla,060730083101
la jolla,060730083102
la jolla,060730083103
la jolla,060730083111
la jolla,060730083112
la jolla,060730083121
la jolla,060730083122
la jolla,060730083123
la jolla,060730083124
la jolla,060730083131
la jolla,060730083132
la jolla,060730083611
la jolla,060730083612
la jolla,060730083621
la jolla,060730085012
la jolla,060730085031
la jolla,060730082011
la jolla,060730082012
la jolla,060730082021
la jolla,060730082022
east elliott,060730094001
east elliott,060730095044
east elliott,060730166061
east elliott,060730166062
east elliott,060730166211
east elliott,060730166212
miramar ranch north,060730170431
miramar ranch north,060730170432
miramar ranch north,060730170441
miramar ranch north,060730170442
miramar ranch north,060730170451
miramar ranch north,060730170461
miramar ranch north,060730170462
miramar ranch north,060730170471
miramar ranch north,060730170394
miramar ranch north,060730170433
miramar ranch north,060730170443
miramar ranch north,060730170444
miramar ranch north,060730170682
sabre springs,060730170392
sabre springs,060730170393
sabre springs,060730170502
sabre springs,060730170394
sabre springs,060730170395
sabre springs,060730170671
sabre springs,060730170672
sabre springs,060730170681
sabre springs,060730170682
navajo,060730029053
navajo,060730029045
navajo,060730095051
navajo,060730095072
navajo,060730095073
navajo,060730096021
navajo,060730096022
navajo,060730096023
navajo,060730096024
navajo,060730096032
navajo,060730096034
navajo,060730096041
navajo,060730096042
navajo,060730096043
navajo,060730096044
navajo,060730097031
navajo,060730097032
navajo,060730097033
navajo,060730097041
navajo,060730097042
navajo,060730097043
navajo,060730097044
navajo,060730097045
navajo,060730097051
navajo,060730097052
navajo,060730097053
navajo,060730097061
navajo,060730097062
navajo,060730097063
navajo,060730097064
navajo,060730097065
navajo,060730097066
navajo,060730097067
navajo,060730098011
navajo,060730098012
navajo,060730098013
navajo,060730098014
navajo,060730098021
navajo,060730098022
navajo,060730098023
navajo,060730098024
navajo,060730098025
navajo,060730098041
navajo,060730098042
navajo,060730098043
navajo,060730098044
navajo,060730098051
navajo,060730098052
navajo,060730098053
navajo,060730098054
navajo,060730148041
navajo,060730148042
navajo,060730148043
navajo,060730148053
navajo,060730148062
navajo,060730095093
navajo,060730150011
navajo,060730150013
navajo,060730166181
navajo,060730166192
pacific beach,060730077011
pacific beach,060730077012
pacific beach,060730077013
pacific beach,060730077021
pacific beach,060730077022
pacific beach,060730077023
pacific beach,060730077024
pacific beach,060730078001
pacific beach,060730078002
pacific beach,060730078003
pacific beach,060730078004
pacific beach,060730078005
pacific beach,060730079051
pacific beach,060730079052
pacific beach,060730079071
pacific beach,060730079072
pacific beach,060730079081
pacific beach,060730079082
pacific beach,060730079101
pacific beach,060730079102
pacific beach,060730080021
pacific beach,060730080022
pacific beach,060730080023
pacific beach,060730080031
pacific beach,060730080032
pacific beach,060730080033
pacific beach,060730080061
pacific beach,060730080062
pacific beach,060730080063
pacific beach,060730080064
pacific beach,060730080065
pacific beach,060730083011
pacific beach,060730083012
pacific beach,060730083102
pacific beach,060730083103
pacific beach,060730085031
pacific beach,060730091014
pacific beach,060730076011
pacific beach,060730076012
pacific beach,060730076014
pacific beach,060730077014
pacific beach,060730079083
pacific beach,060730079111
pacific beach,060730079112
pacific beach,060730079113
pacific beach,060730079121
pacific beach,060730079122
clairemont mesa,060730083063
clairemont mesa,060730083451
clairemont mesa,060730083452
clairemont mesa,060730085011
clairemont mesa,060730085012
clairemont mesa,060730085013
clairemont mesa,060730085014
clairemont mesa,060730085021
clairemont mesa,060730085022
clairemont mesa,060730085023
clairemont mesa,060730085024
clairemont mesa,060730085025
clairemont mesa,060730085031
clairemont mesa,060730085032
clairemont mesa,060730085033
clairemont mesa,060730085034
clairemont mesa,060730085041
clairemont mesa,060730085042
clairemont mesa,060730085043
clairemont mesa,060730085044
clairemont mesa,060730085045
clairemont mesa,060730085051
clairemont mesa,060730085052
clairemont mesa,060730085053
clairemont mesa,060730085054
clairemont mesa,060730085055
clairemont mesa,060730085061
clairemont mesa,060730085062
clairemont mesa,060730085063
clairemont mesa,060730085071
clairemont mesa,060730085072
clairemont mesa,060730085073
clairemont mesa,060730085074
clairemont mesa,060730085075
clairemont mesa,060730085076
clairemont mesa,060730085091
clairemont mesa,060730085092
clairemont mesa,060730085093
clairemont mesa,060730085094
clairemont mesa,060730085095
clairemont mesa,060730085101
clairemont mesa,060730085102
clairemont mesa,060730085103
clairemont mesa,060730085104
clairemont mesa,060730085121
clairemont mesa,060730085122
clairemont mesa,060730085123
clairemont mesa,060730085131
clairemont mesa,060730085132
clairemont mesa,060730086001
clairemont mesa,060730087011
clairemont mesa,060730087012
clairemont mesa,060730090002
clairemont mesa,060730091011
clairemont mesa,060730091012
clairemont mesa,060730091013
clairemont mesa,060730091014
clairemont mesa,060730091021
clairemont mesa,060730091022
clairemont mesa,060730091031
clairemont mesa,060730091032
clairemont mesa,060730091033
clairemont mesa,060730091034
clairemont mesa,060730091041
clairemont mesa,060730091042
clairemont mesa,060730085096
clairemont mesa,060730091023
clairemont mesa,060730091081
clairemont mesa,060730091082
clairemont mesa,060730091091
college area,060730020012
college area,060730020021
college area,060730020022
college area,060730027021
college area,060730027023
college area,060730027081
college area,060730028011
college area,060730028012
college area,060730028031
college area,060730028033
college area,060730028034
college area,060730028041
college area,060730028042
college area,060730028043
college area,060730029021
college area,060730029022
college area,060730029041
college area,060730029042
college area,060730029043
college area,060730029044
college area,060730029051
college area,060730029052
college area,060730029053
college area,060730029045
college area,060730096034
college area,060730096044
college area,060730097053
college area,060730148061
college area,060730148062
college area,060730147011
mid-city:eastern area,060730027021
mid-city:eastern area,060730027022
mid-city:eastern area,060730027023
mid-city:eastern area,060730027031
mid-city:eastern area,060730027032
mid-city:eastern area,060730027033
mid-city:eastern area,060730027034
mid-city:eastern area,060730027051
mid-city:eastern area,060730027052
mid-city:eastern area,060730027081
mid-city:eastern area,060730027082
mid-city:eastern area,060730027101
mid-city:eastern area,060730027111
mid-city:eastern area,060730027112
mid-city:eastern area,060730027121
mid-city:eastern area,060730027122
mid-city:eastern area,060730027123
mid-city:eastern area,060730028042
mid-city:eastern area,060730028043
mid-city:eastern area,060730029021
mid-city:eastern area,060730029022
mid-city:eastern area,060730029031
mid-city:eastern area,060730029032
mid-city:eastern area,060730029033
mid-city:eastern area,060730029042
mid-city:eastern area,060730029043
mid-city:eastern area,060730029051
mid-city:eastern area,060730029052
mid-city:eastern area,060730029053
mid-city:eastern area,060730030011
mid-city:eastern area,060730030012
mid-city:eastern area,060730030033
mid-city:eastern area,060730027103
mid-city:eastern area,060730029023
mid-city:eastern area,060730030034
mid-city:eastern area,060730034011
mid-city:eastern area,060730034012
mid-city:eastern area,060730034013
mid-city:eastern area,060730034014
mid-city:eastern area,060730034041
mid-city:eastern area,060730034042
mid-city:eastern area,060730145002
mid-city:eastern area,060730145003
mid-city:eastern area,060730147011
mid-city:eastern area,060730147013
mid-city:eastern area,060730147022
peninsula,060730062001
peninsula,060730063001
peninsula,060730065001
peninsula,060730066001
peninsula,060730068011
peninsula,060730068021
peninsula,060730068022
peninsula,060730068023
peninsula,060730069001
peninsula,060730069002
peninsula,060730069003
peninsula,060730070021
peninsula,060730070022
peninsula,060730071001
peninsula,060730071002
peninsula,060730071003
peninsula,060730072001
peninsula,060730072002
peninsula,060730073021
peninsula,060730073022
peninsula,060730073023
peninsula,060730075011
peninsula,060730075012
peninsula,060730075021
peninsula,060730066002
peninsula,060730068012
peninsula,060730072003
peninsula,060730073031
peninsula,060730073032
peninsula,060730073041
peninsula,060730073042
peninsula,060730074011
peninsula,060730074012
peninsula,060730074013
peninsula,060730074021
peninsula,060730074022
peninsula,060730074023
peninsula,060730099011
peninsula,060730214011
peninsula,060730214012
peninsula,060730214013
peninsula,060730214021
peninsula,060730214022
mission bay park,060730065001
mission bay park,060730068011
mission bay park,060730075011
mission bay park,060730075014
mission bay park,060730077011
mission bay park,060730077012
mission bay park,060730077021
mission bay park,060730077022
mission bay park,060730077023
mission bay park,060730078001
mission bay park,060730078003
mission bay park,060730089021
mission bay park,060730091014
mission bay park,060730091034
mission bay park,060730091041
mission bay park,060730068012
mission bay park,060730076011
mission bay park,060730076012
mission bay park,060730076013
mission bay park,060730076014
mission bay park,060730076021
mission bay park,060730076022
mission bay park,060730076023
mission bay park,060730091081
mission beach,060730079101
mission beach,060730076012
mission beach,060730076013
mission beach,060730076014
mission beach,060730076021
mission beach,060730076022
mission beach,060730076023
ocean beach,060730068011
ocean beach,060730068023
ocean beach,060730072002
ocean beach,060730073021
ocean beach,060730073022
ocean beach,060730073023
ocean beach,060730075011
ocean beach,060730075012
ocean beach,060730075013
ocean beach,060730075014
ocean beach,060730075015
ocean beach,060730075021
ocean beach,060730075022
ocean beach,060730075023
ocean beach,060730068012
ocean beach,060730073031
ocean beach,060730073032
ocean beach,060730073041
ocean beach,060730073042
ocean beach,060730074011
ocean beach,060730074012
ocean beach,060730074021
ocean beach,060730076012
desert,060730210011
desert,060730210012
desert,060730210021
desert,060730210022
julian,060730209021
julian,060730209032
julian,060730209041
julian,060730209042
julian,060730209043
julian,060730209044
central mountain,060730169021
central mountain,060730208101
central mountain,060730208111
central mountain,060730208112
central mountain,060730208113
central mountain,060730209021
central mountain,060730208072
central mountain,060730209044
central mountain,060730209041
central mountain,060730209043
central mountain,060730212021
central mountain,060730210013
barona,060730169021
barona,060730208013
barona,060730208112
central mountain,060730209022
central mountain,060730212022
central mountain,060730211011
central mountain,060730211012
central mountain,060730211021
alpine,060730155013
alpine,060730155021
alpine,060730155022
alpine,060730169021
alpine,060730168121
alpine,060730168122
alpine,060730209021
alpine,060730212021
alpine,060730212022
alpine,060730212041
alpine,060730212042
alpine,060730212051
alpine,060730212052
alpine,060730212053
alpine,060730212061
alpine,060730211011
alpine,060730212062
alpine,060730213023
mountain empire,060730210013
mountain empire,060730211013
mountain empire,060730211021
mountain empire,060730211011
mountain empire,060730211012
rainbow,060730190012
rainbow,060730190021
rainbow,060730191082
pala-pauma,060730190021
pala-pauma,060730191031
pala-pauma,060730191071
pala-pauma,060730191081
pala-pauma,060730191082
pala-pauma,060730191092
pala-pauma,060730191093
pala-pauma,060730191101
pala-pauma,060730191103
pala-pauma,060730209031
pala-pauma,060730209032
pala-pauma,060730207111
pala-pauma,060730207112
north mountain,060730191081
north mountain,060730191082
north mountain,060730209031
north mountain,060730209032
desert,060730209021
desert,060730209032
desert,060730209033
desert,060730209041
desert,060730210013
desert,060730211021
mountain empire,060730211022
north mountain,060730191071
north mountain,060730208071
north mountain,060730209033
north mountain,060730207111
north mountain,060730208072
north mountain,060730209044
north mountain,060730210012
north mountain,060730210013
north mountain,060730210021
bonsall,060730186121
bonsall,060730188031
bonsall,060730188032
bonsall,060730188033
bonsall,060730191033
bonsall,060730191051
bonsall,060730192031
bonsall,060730192032
bonsall,060730186191
bonsall,060730188034
bonsall,060730188041
bonsall,060730191091
bonsall,060730192081
bonsall,060730193031
bonsall,060730193032
bonsall,060730193033
bonsall,060730192091
bonsall,060730192092
bonsall,060730192101
county islands,060730083601
county islands,060730094001
county islands,060730095043
county islands,060730170225
county islands,060730032041
county islands,060730121021
county islands,060730122001
county islands,060730122002
county islands,060730123031
county islands,060730148061
county islands,060730148062
crest-dehesa,060730154051
crest-dehesa,060730154052
crest-dehesa,060730154061
crest-dehesa,060730155011
crest-dehesa,060730155012
crest-dehesa,060730155013
crest-dehesa,060730155021
crest-dehesa,060730155022
crest-dehesa,060730156011
crest-dehesa,060730156012
crest-dehesa,060730156021
crest-dehesa,060730156022
crest-dehesa,060730155014
crest-dehesa,060730168092
crest-dehesa,060730164031
crest-dehesa,060730164032
crest-dehesa,060730212041
crest-dehesa,060730213022
crest-dehesa,060730213023
crest-dehesa,060730213051
fallbrook,060730187001
fallbrook,060730188011
fallbrook,060730188012
fallbrook,060730188031
fallbrook,060730189031
fallbrook,060730189032
fallbrook,060730189033
fallbrook,060730189034
fallbrook,060730189041
fallbrook,060730189042
fallbrook,060730189043
fallbrook,060730189044
fallbrook,060730189051
fallbrook,060730189052
fallbrook,060730189053
fallbrook,060730189061
fallbrook,060730189062
fallbrook,060730189063
fallbrook,060730190011
fallbrook,060730190012
fallbrook,060730190013
fallbrook,060730190021
fallbrook,060730186191
fallbrook,060730186192
fallbrook,060730188041
fallbrook,060730188042
fallbrook,060730188043
fallbrook,060730188051
fallbrook,060730188052
fallbrook,060730189054
fallbrook,060730190014
fallbrook,060730191082
fallbrook,060730191091
fallbrook,060730191093
jamul-dulzura,060730134251
jamul-dulzura,060730212022
jamul-dulzura,060730213021
jamul-dulzura,060730213022
jamul-dulzura,060730213041
jamul-dulzura,060730213042
jamul-dulzura,060730211011
jamul-dulzura,060730213023
jamul-dulzura,060730213051
jamul-dulzura,060730213052
jamul-dulzura,060730213062
jamul-dulzura,060730213063
lakeside,060730155013
lakeside,060730155022
lakeside,060730095044
lakeside,060730155014
lakeside,060730162021
lakeside,060730164011
lakeside,060730164013
lakeside,060730165021
lakeside,060730165022
lakeside,060730165023
lakeside,060730165024
lakeside,060730165031
lakeside,060730165032
lakeside,060730165041
lakeside,060730165042
lakeside,060730165043
lakeside,060730165044
lakeside,060730166071
lakeside,060730166072
lakeside,060730166073
lakeside,060730166081
lakeside,060730168041
lakeside,060730168042
lakeside,060730168043
lakeside,060730168044
lakeside,060730168061
lakeside,060730168062
lakeside,060730168063
lakeside,060730168071
lakeside,060730168072
lakeside,060730168073
lakeside,060730168074
lakeside,060730168091
lakeside,060730168092
lakeside,060730168093
lakeside,060730168101
lakeside,060730168111
lakeside,060730168112
lakeside,060730169011
lakeside,060730169012
lakeside,060730169013
lakeside,060730169014
lakeside,060730169021
lakeside,060730170101
lakeside,060730164031
lakeside,060730165045
lakeside,060730166074
lakeside,060730167031
lakeside,060730167032
lakeside,060730167041
lakeside,060730167043
lakeside,060730167051
lakeside,060730167052
lakeside,060730167053
lakeside,060730167061
lakeside,060730167062
lakeside,060730168113
lakeside,060730168121
lakeside,060730168122
lakeside,060730168131
lakeside,060730168132
lakeside,060730169015
lakeside,060730208011
lakeside,060730208112
otay,060730133173
otay,060730100152
otay,060730100161
otay,060730133201
otay,060730133203
otay,060730134251
otay,060730213021
otay,060730213041
pendleton-de luz,060730186011
pendleton-de luz,060730186081
pendleton-de luz,060730187001
pendleton-de luz,060730188011
pendleton-de luz,060730189031
pendleton-de luz,060730189034
pendleton-de luz,060730189041
pendleton-de luz,060730189051
pendleton-de luz,060730189061
pendleton-de luz,060730190011
pendleton-de luz,060730183012
pendleton-de luz,060730186013
pendleton-de luz,060730186192
pendleton-de luz,060730186194
ramona,060730208011
ramona,060730169021
ramona,060730170212
ramona,060730170203
ramona,060730170602
ramona,060730207101
ramona,060730208012
ramona,060730208013
ramona,060730208051
ramona,060730208052
ramona,060730208061
ramona,060730208062
ramona,060730208063
ramona,060730208071
ramona,060730208101
ramona,060730208102
ramona,060730208103
ramona,060730208111
ramona,060730208112
ramona,060730208113
ramona,060730209032
ramona,060730208064
ramona,060730208072
ramona,060730208104
ramona,060730208121
ramona,060730208131
ramona,060730208132
ramona,060730208133
ramona,060730209044
san dieguito,060730083281
san dieguito,060730083282
san dieguito,060730170333
san dieguito,060730171061
san dieguito,060730171062
san dieguito,060730171063
san dieguito,060730171064
san dieguito,060730173052
san dieguito,060730173062
san dieguito,060730170611
san dieguito,060730170612
san dieguito,060730170621
san dieguito,060730170622
san dieguito,060730170623
san dieguito,060730170641
san dieguito,060730170642
san dieguito,060730170643
san dieguito,060730170651
san dieguito,060730170652
san dieguito,060730170661
san dieguito,060730170662
san dieguito,060730170701
san dieguito,060730170702
san dieguito,060730170703
san dieguito,060730170711
san dieguito,060730170712
san dieguito,060730171111
san dieguito,060730171112
san dieguito,060730171121
san dieguito,060730171132
san dieguito,060730204012
san dieguito,060730200431
san dieguito,060730203102
san dieguito,060730203111
san dieguito,060730203112
san dieguito,060730203121
san dieguito,060730203131
san dieguito,060730215021
san dieguito,060730171131
san dieguito,060730200443
spring valley,060730031071
spring valley,060730031072
spring valley,060730031073
spring valley,060730031081
spring valley,060730031082
spring valley,060730032073
spring valley,060730032141
spring valley,060730032142
spring valley,060730135031
spring valley,060730135032
spring valley,060730135033
spring valley,060730135041
spring valley,060730135042
spring valley,060730135043
spring valley,060730135051
spring valley,060730135052
spring valley,060730135053
spring valley,060730135061
spring valley,060730136013
spring valley,060730137011
spring valley,060730137012
spring valley,060730137021
spring valley,060730137022
spring valley,060730137023
spring valley,060730138011
spring valley,060730138012
spring valley,060730138013
spring valley,060730138021
spring valley,060730138022
spring valley,060730139031
spring valley,060730139032
spring valley,060730139051
spring valley,060730139052
spring valley,060730139053
spring valley,060730139061
spring valley,060730139062
spring valley,060730139071
spring valley,060730139072
spring valley,060730139081
spring valley,060730139082
spring valley,060730139091
spring valley,060730139092
spring valley,060730140013
spring valley,060730140021
spring valley,060730140022
spring valley,060730144001
spring valley,060730146022
spring valley,060730149012
spring valley,060730134232
spring valley,060730135062
spring valley,060730135063
spring valley,060730136071
spring valley,060730139063
spring valley,060730213063
sweetwater,060730032042
sweetwater,060730032041
sweetwater,060730032071
sweetwater,060730032072
sweetwater,060730032073
sweetwater,060730032085
sweetwater,060730032092
sweetwater,060730032121
sweetwater,060730032131
sweetwater,060730032141
sweetwater,060730032142
sweetwater,060730123042
sweetwater,060730134011
sweetwater,060730134111
sweetwater,060730134112
sweetwater,060730134113
sweetwater,060730134114
sweetwater,060730134121
sweetwater,060730134122
sweetwater,060730134171
sweetwater,060730139032
sweetwater,060730134123
sweetwater,060730134221
sweetwater,060730134222
sweetwater,060730134223
sweetwater,060730134231
sweetwater,060730134232
sweetwater,060730135063
sweetwater,060730213062
sweetwater,060730213063
valle de oro,060730136042
valle de oro,060730135032
valle de oro,060730135051
valle de oro,060730135052
valle de oro,060730136011
valle de oro,060730136012
valle de oro,060730136013
valle de oro,060730136014
valle de oro,060730136041
valle de oro,060730136043
valle de oro,060730136044
valle de oro,060730136051
valle de oro,060730136052
valle de oro,060730136053
valle de oro,060730137011
valle de oro,060730137012
valle de oro,060730137021
valle de oro,060730138011
valle de oro,060730152001
valle de oro,060730152002
valle de oro,060730152003
valle de oro,060730152004
valle de oro,060730153021
valle de oro,060730153022
valle de oro,060730154031
valle de oro,060730154032
valle de oro,060730154051
valle de oro,060730154052
valle de oro,060730154053
valle de oro,060730154061
valle de oro,060730135062
valle de oro,060730135063
valle de oro,060730136071
valle de oro,060730136072
valle de oro,060730136081
valle de oro,060730136082
valle de oro,060730153023
valle de oro,060730154071
valle de oro,060730154081
valle de oro,060730154082
valle de oro,060730213051
valle de oro,060730213052
valle de oro,060730213063
valley center,060730191031
valley center,060730191032
valley center,060730191033
valley center,060730191051
valley center,060730191052
valley center,060730191053
valley center,060730191071
valley center,060730191034
valley center,060730191054
valley center,060730191091
valley center,060730191092
valley center,060730191093
valley center,060730191101
valley center,060730191102
valley center,060730191103
valley center,060730191111
valley center,060730191112
valley center,060730191113
valley center,060730201103
north county metro,060730191051
north county metro,060730191052
north county metro,060730191053
north county metro,060730191054
north county metro,060730192081
north county metro,060730201051
north county metro,060730203041
north county metro,060730203044
north county metro,060730201101
north county metro,060730201102
north county metro,060730201103
north county metro,060730201111
north county metro,060730201112
north county metro,060730201113
north county metro,060730192082
north county metro,060730192091
north county metro,060730192092
north county metro,060730194031
north county metro,060730197011
north county metro,060730197012
north county metro,060730198091
north county metro,060730198093
north county metro,060730199041
north county metro,060730203043
north county metro,060730200402
north county metro,060730196022
north county metro,060730199021
north county metro,060730199022
north county metro,060730199031
north county metro,060730199032
north county metro,060730199042
north county metro,060730200171
north county metro,060730200172
north county metro,060730200173
north county metro,060730200361
north county metro,060730200372
north county metro,060730200381
north county metro,060730203052
north county metro,060730201061
north county metro,060730201071
north county metro,060730201052
north county metro,060730200241
north county metro,060730200242
north county metro,060730200243
north county metro,060730200253
north county metro,060730203051
north county metro,060730203053
north county metro,060730203091
north county metro,060730203092
north county metro,060730203131
north county metro,060730200191
north county metro,060730200261
north county metro,060730200263
north county metro,060730200294
north county metro,060730200421
north county metro,060730200422
north county metro,060730200443
north county metro,060730200444
north county metro,060730200193
north county metro,060730206024
north county metro,060730207051
north county metro,060730207053
north county metro,060730207061
north county metro,060730207062
north county metro,060730207063
north county metro,060730207101
north county metro,060730207064
north county metro,060730207111
north county metro,060730207122
north county metro,060730200313
north county metro,060730207071
north county metro,060730207082
north county metro,060730204031
north county metro,060730204042
north county metro,060730207081
north county metro,060730204011
north county metro,060730204012
north county metro,060730204032
north county metro,060730204043
north county metro,060730204051
north county metro,060730204052
north county metro,060730203121
north county metro,060730208012
north county metro,060730191071
north county metro,060730191112
north county metro,060730208071
north county metro,060730209032
north county metro,060730207112
north county metro,060730200382
north county metro,060730200401
county islands,060730033012
county islands,060730034033
